transaction_id,customer_id,terminal_id,transaction_date,amount,currency,payment_type,merchant_category,location
TXN1000000,CUST5864,TERM291,2025-02-11,410.35,AUD,Debit Card,Electronics,Brisbane
TXN1000001,CUST3903,TERM165,2025-02-08,346.25,AUD,Debit Card,Grocery,Melbourne
TXN1000002,CUST7461,TERM520,2025-02-19,497.08,AUD,Credit Card,Dining,Perth
TXN1000003,CUST2248,TERM177,2025-02-07,168.06,AUD,Debit Card,Electronics,Sydney
TXN1000004,CUST9263,TERM316,2025-02-12,221.95,AUD,Debit Card,Electronics,Brisbane
TXN1000005,CUST1902,TERM453,2025-02-06,470.25,AUD,Debit Card,Electronics,Melbourne
TXN1000006,CUST3829,TERM862,2025-02-21,87.29,AUD,EFTPOS,Electronics,Adelaide
TXN1000007,CUST6627,TERM613,2025-02-11,107.66,AUD,EFTPOS,Retail,Adelaide
TXN1000008,CUST2814,TERM721,2025-02-09,113.33,AUD,Debit Card,Dining,Adelaide
TXN1000009,CUST3998,TERM119,2025-02-03,238.62,AUD,Debit Card,Grocery,Melbourne
TXN1000010,CUST7242,TERM467,2025-02-06,474.09,AUD,Debit Card,Electronics,Brisbane
TXN1000011,CUST7783,TERM828,2025-02-06,380.22,AUD,Mobile Payment,Dining,Perth
TXN1000012,CUST9012,TERM870,2025-02-07,29.28,AUD,Mobile Payment,Fuel,Adelaide
TXN1000013,CUST2247,TERM367,2025-02-07,11.04,AUD,Credit Card,Dining,Brisbane
TXN1000014,CUST4796,TERM224,2025-02-16,26.02,AUD,Credit Card,Electronics,Brisbane
TXN1000015,CUST3768,TERM971,2025-02-15,414.78,AUD,Mobile Payment,Retail,Perth
TXN1000016,CUST9926,TERM710,2025-02-04,295.67,AUD,EFTPOS,Fuel,Perth
TXN1000017,CUST3214,TERM962,2025-02-13,335.94,AUD,Credit Card,Dining,Perth
TXN1000018,CUST8995,TERM337,2025-02-19,464.05,AUD,EFTPOS,Fuel,Brisbane
TXN1000019,CUST4680,TERM134,2025-02-09,103.91,AUD,Debit Card,Retail,Perth
TXN1000020,CUST4013,TERM206,2025-02-09,455.53,AUD,Debit Card,Fuel,Adelaide
TXN1000021,CUST8597,TERM237,2025-02-18,290.46,AUD,Credit Card,Electronics,Melbourne
TXN1000022,CUST5020,TERM668,2025-02-08,389.93,AUD,EFTPOS,Grocery,Adelaide
TXN1000023,CUST1899,TERM252,2025-02-03,109.75,AUD,Credit Card,Electronics,Perth
TXN1000024,CUST4882,TERM643,2025-02-11,133.0,AUD,EFTPOS,Retail,Brisbane
TXN1000025,CUST2486,TERM691,2025-02-20,278.61,AUD,EFTPOS,Electronics,Melbourne
TXN1000026,CUST3912,TERM103,2025-02-11,196.1,AUD,Debit Card,Retail,Brisbane
TXN1000027,CUST5449,TERM403,2025-02-14,483.47,AUD,EFTPOS,Dining,Perth
TXN1000028,CUST1480,TERM963,2025-02-05,409.94,AUD,Debit Card,Retail,Melbourne
TXN1000029,CUST5287,TERM346,2025-02-16,469.39,AUD,Mobile Payment,Retail,Sydney
TXN1000030,CUST3468,TERM798,2025-02-11,299.95,AUD,EFTPOS,Dining,Adelaide
TXN1000031,CUST5128,TERM638,2025-02-02,376.18,AUD,Debit Card,Grocery,Adelaide
TXN1000032,CUST1884,TERM159,2025-02-08,261.8,AUD,Debit Card,Electronics,Perth
TXN1000033,CUST3273,TERM446,2025-02-11,67.72,AUD,Debit Card,Grocery,Perth
TXN1000034,CUST8426,TERM358,2025-02-13,275.02,AUD,Credit Card,Fuel,Perth
TXN1000035,CUST8113,TERM379,2025-02-03,151.6,AUD,Credit Card,Fuel,Brisbane
TXN1000036,CUST8176,TERM708,2025-02-19,125.04,AUD,EFTPOS,Dining,Adelaide
TXN1000037,CUST7202,TERM248,2025-02-16,8.76,AUD,Mobile Payment,Grocery,Perth
TXN1000038,CUST2854,TERM147,2025-02-11,206.81,AUD,Mobile Payment,Fuel,Perth
TXN1000039,CUST4907,TERM851,2025-02-22,49.85,AUD,Debit Card,Dining,Melbourne
TXN1000040,CUST7938,TERM387,2025-02-18,133.28,AUD,EFTPOS,Retail,Melbourne
TXN1000041,CUST2708,TERM130,2025-02-07,165.24,AUD,Debit Card,Grocery,Perth
TXN1000042,CUST3837,TERM180,2025-02-10,402.79,AUD,Credit Card,Dining,Melbourne
TXN1000043,CUST1561,TERM333,2025-02-21,482.44,AUD,EFTPOS,Retail,Sydney
TXN1000044,CUST1614,TERM177,2025-02-12,52.57,AUD,Debit Card,Grocery,Melbourne
TXN1000045,CUST2249,TERM865,2025-02-04,456.37,AUD,Credit Card,Electronics,Sydney
TXN1000046,CUST9458,TERM721,2025-02-18,381.76,AUD,Credit Card,Grocery,Perth
TXN1000047,CUST7555,TERM779,2025-02-20,18.5,AUD,Mobile Payment,Retail,Adelaide
TXN1000048,CUST1341,TERM895,2025-02-10,238.76,AUD,Credit Card,Dining,Sydney
TXN1000049,CUST1394,TERM392,2025-02-08,154.63,AUD,Credit Card,Dining,Melbourne
TXN1000050,CUST8402,TERM411,2025-02-04,26.83,AUD,Mobile Payment,Retail,Sydney
TXN1000051,CUST6517,TERM349,2025-02-02,211.27,AUD,Mobile Payment,Fuel,Adelaide
TXN1000052,CUST4254,TERM240,2025-02-18,56.39,AUD,Debit Card,Fuel,Brisbane
TXN1000053,CUST6518,TERM942,2025-02-03,154.17,AUD,Debit Card,Grocery,Perth
TXN1000054,CUST5716,TERM315,2025-02-15,54.32,AUD,Debit Card,Fuel,Perth
TXN1000055,CUST2949,TERM888,2025-02-19,432.63,AUD,Debit Card,Dining,Melbourne
TXN1000056,CUST2326,TERM396,2025-02-02,434.47,AUD,Credit Card,Dining,Perth
TXN1000057,CUST9781,TERM666,2025-02-22,323.43,AUD,Debit Card,Electronics,Adelaide
TXN1000058,CUST6792,TERM185,2025-02-07,492.29,AUD,EFTPOS,Retail,Adelaide
TXN1000059,CUST7793,TERM373,2025-02-22,93.02,AUD,Mobile Payment,Electronics,Adelaide
TXN1000060,CUST3485,TERM357,2025-02-21,199.89,AUD,Debit Card,Retail,Brisbane
TXN1000061,CUST9735,TERM743,2025-02-02,274.89,AUD,Mobile Payment,Dining,Melbourne
TXN1000062,CUST8451,TERM212,2025-02-10,411.17,AUD,Mobile Payment,Fuel,Perth
TXN1000063,CUST1497,TERM289,2025-02-14,485.88,AUD,Mobile Payment,Fuel,Perth
TXN1000064,CUST4797,TERM396,2025-02-03,471.68,AUD,Debit Card,Retail,Adelaide
TXN1000065,CUST7207,TERM731,2025-02-03,100.76,AUD,Mobile Payment,Dining,Melbourne
TXN1000066,CUST5633,TERM939,2025-02-14,171.71,AUD,EFTPOS,Dining,Adelaide
TXN1000067,CUST1670,TERM818,2025-02-02,293.94,AUD,Mobile Payment,Dining,Adelaide
TXN1000068,CUST3709,TERM586,2025-02-20,6.16,AUD,Debit Card,Grocery,Sydney
TXN1000069,CUST3725,TERM604,2025-02-04,17.47,AUD,Credit Card,Grocery,Perth
TXN1000070,CUST9717,TERM828,2025-02-02,234.92,AUD,Credit Card,Electronics,Sydney
TXN1000071,CUST3308,TERM606,2025-02-15,486.9,AUD,Credit Card,Dining,Brisbane
TXN1000072,CUST3417,TERM418,2025-02-08,193.09,AUD,EFTPOS,Electronics,Perth
TXN1000073,CUST8350,TERM951,2025-02-08,200.72,AUD,Debit Card,Dining,Melbourne
TXN1000074,CUST4963,TERM513,2025-02-19,250.31,AUD,EFTPOS,Electronics,Adelaide
TXN1000075,CUST9382,TERM820,2025-02-06,250.35,AUD,Mobile Payment,Grocery,Perth
TXN1000076,CUST1647,TERM213,2025-02-14,166.97,AUD,Credit Card,Fuel,Adelaide
TXN1000077,CUST1049,TERM657,2025-02-07,182.23,AUD,Debit Card,Grocery,Perth
TXN1000078,CUST9696,TERM631,2025-02-22,376.53,AUD,EFTPOS,Electronics,Brisbane
TXN1000079,CUST6557,TERM620,2025-02-16,6.6,AUD,Debit Card,Retail,Sydney
TXN1000080,CUST9921,TERM535,2025-02-17,22.27,AUD,EFTPOS,Dining,Perth
TXN1000081,CUST2153,TERM266,2025-02-21,414.08,AUD,Credit Card,Fuel,Adelaide
TXN1000082,CUST9183,TERM646,2025-02-04,308.23,AUD,Credit Card,Electronics,Perth
TXN1000083,CUST3043,TERM260,2025-02-14,168.44,AUD,Mobile Payment,Fuel,Perth
TXN1000084,CUST6686,TERM577,2025-02-02,251.61,AUD,Mobile Payment,Grocery,Brisbane
TXN1000085,CUST1598,TERM269,2025-02-19,295.83,AUD,Credit Card,Grocery,Brisbane
TXN1000086,CUST3659,TERM153,2025-02-21,38.09,AUD,Credit Card,Retail,Sydney
TXN1000087,CUST4828,TERM376,2025-02-13,303.27,AUD,Mobile Payment,Fuel,Adelaide
TXN1000088,CUST3624,TERM581,2025-02-14,476.62,AUD,Credit Card,Dining,Brisbane
TXN1000089,CUST1695,TERM598,2025-02-17,359.37,AUD,Credit Card,Retail,Melbourne
TXN1000090,CUST4292,TERM912,2025-02-14,425.94,AUD,Mobile Payment,Electronics,Perth
TXN1000091,CUST8486,TERM571,2025-02-15,228.95,AUD,Debit Card,Electronics,Brisbane
TXN1000092,CUST8082,TERM843,2025-02-09,58.93,AUD,Credit Card,Retail,Perth
TXN1000093,CUST8796,TERM692,2025-02-21,260.47,AUD,Credit Card,Grocery,Perth
TXN1000094,CUST2895,TERM925,2025-02-10,110.58,AUD,Debit Card,Electronics,Brisbane
TXN1000095,CUST9423,TERM322,2025-02-11,405.61,AUD,Credit Card,Dining,Sydney
TXN1000096,CUST6375,TERM345,2025-02-16,134.61,AUD,Credit Card,Dining,Sydney
TXN1000097,CUST9986,TERM911,2025-02-21,175.32,AUD,Debit Card,Fuel,Melbourne
TXN1000098,CUST3956,TERM384,2025-02-09,87.25,AUD,Mobile Payment,Dining,Perth
TXN1000099,CUST3209,TERM546,2025-02-20,140.07,AUD,Debit Card,Grocery,Sydney
TXN1000100,CUST1724,TERM146,2025-02-02,346.58,AUD,Mobile Payment,Grocery,Melbourne
TXN1000101,CUST9847,TERM431,2025-02-20,329.92,AUD,Mobile Payment,Fuel,Melbourne
TXN1000102,CUST8214,TERM587,2025-02-21,392.0,AUD,Credit Card,Grocery,Brisbane
TXN1000103,CUST5711,TERM631,2025-02-16,160.21,AUD,Credit Card,Retail,Sydney
TXN1000104,CUST3798,TERM555,2025-02-03,270.2,AUD,Credit Card,Retail,Adelaide
TXN1000105,CUST5563,TERM146,2025-02-13,101.31,AUD,Mobile Payment,Fuel,Sydney
TXN1000106,CUST1521,TERM824,2025-02-07,362.0,AUD,Debit Card,Retail,Sydney
TXN1000107,CUST9676,TERM820,2025-02-16,18.23,AUD,Credit Card,Dining,Perth
TXN1000108,CUST1159,TERM478,2025-02-14,24.88,AUD,Mobile Payment,Dining,Perth
TXN1000109,CUST6132,TERM167,2025-02-07,481.75,AUD,Mobile Payment,Fuel,Brisbane
TXN1000110,CUST8753,TERM825,2025-02-03,193.3,AUD,Credit Card,Electronics,Sydney
TXN1000111,CUST5790,TERM208,2025-02-18,141.29,AUD,EFTPOS,Electronics,Sydney
TXN1000112,CUST4411,TERM875,2025-02-21,367.16,AUD,Credit Card,Retail,Melbourne
TXN1000113,CUST1164,TERM540,2025-02-17,345.03,AUD,Mobile Payment,Electronics,Melbourne
TXN1000114,CUST4911,TERM841,2025-02-06,52.17,AUD,EFTPOS,Grocery,Sydney
TXN1000115,CUST6162,TERM518,2025-02-19,87.52,AUD,Mobile Payment,Fuel,Perth
TXN1000116,CUST4728,TERM562,2025-02-08,460.56,AUD,Mobile Payment,Grocery,Sydney
TXN1000117,CUST3389,TERM598,2025-02-08,415.11,AUD,Debit Card,Grocery,Sydney
TXN1000118,CUST8359,TERM626,2025-02-13,344.6,AUD,Debit Card,Retail,Adelaide
TXN1000119,CUST5097,TERM535,2025-02-04,409.77,AUD,Mobile Payment,Grocery,Brisbane
TXN1000120,CUST3868,TERM846,2025-02-03,423.8,AUD,Debit Card,Electronics,Brisbane
TXN1000121,CUST9373,TERM538,2025-02-13,402.68,AUD,Mobile Payment,Electronics,Adelaide
TXN1000122,CUST8094,TERM579,2025-02-15,67.94,AUD,Credit Card,Electronics,Brisbane
TXN1000123,CUST3616,TERM366,2025-02-03,193.78,AUD,Credit Card,Retail,Adelaide
TXN1000124,CUST6612,TERM471,2025-02-18,103.28,AUD,EFTPOS,Fuel,Sydney
TXN1000125,CUST6784,TERM662,2025-02-14,301.71,AUD,EFTPOS,Dining,Brisbane
TXN1000126,CUST7917,TERM218,2025-02-18,22.15,AUD,EFTPOS,Electronics,Brisbane
TXN1000127,CUST4134,TERM420,2025-02-19,29.47,AUD,Credit Card,Retail,Brisbane
TXN1000128,CUST5119,TERM661,2025-02-11,200.67,AUD,Credit Card,Dining,Perth
TXN1000129,CUST7210,TERM100,2025-02-10,287.81,AUD,Mobile Payment,Electronics,Adelaide
TXN1000130,CUST7220,TERM194,2025-02-08,439.76,AUD,EFTPOS,Dining,Perth
TXN1000131,CUST2586,TERM826,2025-02-22,202.93,AUD,Credit Card,Electronics,Perth
TXN1000132,CUST1346,TERM691,2025-02-06,221.29,AUD,Debit Card,Grocery,Melbourne
TXN1000133,CUST3342,TERM982,2025-02-03,170.43,AUD,Mobile Payment,Electronics,Melbourne
TXN1000134,CUST7556,TERM679,2025-02-09,164.15,AUD,Debit Card,Retail,Adelaide
TXN1000135,CUST3488,TERM959,2025-02-12,210.3,AUD,Mobile Payment,Dining,Melbourne
TXN1000136,CUST9084,TERM752,2025-02-15,217.51,AUD,EFTPOS,Dining,Brisbane
TXN1000137,CUST1232,TERM116,2025-02-08,495.85,AUD,Debit Card,Grocery,Adelaide
TXN1000138,CUST6650,TERM422,2025-02-04,109.98,AUD,Credit Card,Electronics,Sydney
TXN1000139,CUST7268,TERM229,2025-02-08,88.96,AUD,Mobile Payment,Electronics,Brisbane
TXN1000140,CUST6634,TERM504,2025-02-17,375.62,AUD,Debit Card,Fuel,Adelaide
TXN1000141,CUST1834,TERM532,2025-02-03,162.18,AUD,EFTPOS,Electronics,Melbourne
TXN1000142,CUST4526,TERM547,2025-02-06,211.47,AUD,Debit Card,Retail,Adelaide
TXN1000143,CUST3929,TERM140,2025-02-14,187.17,AUD,Credit Card,Fuel,Melbourne
TXN1000144,CUST2307,TERM430,2025-02-22,442.91,AUD,Credit Card,Electronics,Melbourne
TXN1000145,CUST4576,TERM120,2025-02-09,25.8,AUD,Credit Card,Electronics,Brisbane
TXN1000146,CUST8596,TERM693,2025-02-04,155.87,AUD,EFTPOS,Retail,Melbourne
TXN1000147,CUST7567,TERM304,2025-02-16,253.04,AUD,Debit Card,Retail,Adelaide
TXN1000148,CUST3287,TERM532,2025-02-10,297.61,AUD,EFTPOS,Retail,Perth
TXN1000149,CUST1241,TERM738,2025-02-20,248.83,AUD,Debit Card,Electronics,Melbourne
TXN1000150,CUST7158,TERM100,2025-02-16,6.56,AUD,Mobile Payment,Fuel,Melbourne
TXN1000151,CUST7999,TERM449,2025-02-11,460.96,AUD,Mobile Payment,Fuel,Brisbane
TXN1000152,CUST8253,TERM675,2025-02-16,394.9,AUD,EFTPOS,Dining,Adelaide
TXN1000153,CUST6398,TERM795,2025-02-12,289.93,AUD,Credit Card,Dining,Melbourne
TXN1000154,CUST4241,TERM434,2025-02-19,143.83,AUD,Debit Card,Fuel,Perth
TXN1000155,CUST7470,TERM144,2025-02-14,43.83,AUD,Debit Card,Electronics,Brisbane
TXN1000156,CUST2153,TERM923,2025-02-14,203.73,AUD,Mobile Payment,Grocery,Brisbane
TXN1000157,CUST5106,TERM351,2025-02-06,205.34,AUD,EFTPOS,Dining,Brisbane
TXN1000158,CUST5678,TERM885,2025-02-19,60.09,AUD,Debit Card,Retail,Perth
TXN1000159,CUST9853,TERM727,2025-02-20,392.05,AUD,Credit Card,Dining,Sydney
TXN1000160,CUST1674,TERM770,2025-02-07,195.59,AUD,Debit Card,Electronics,Melbourne
TXN1000161,CUST4004,TERM191,2025-02-22,51.26,AUD,Credit Card,Dining,Sydney
TXN1000162,CUST6645,TERM899,2025-02-09,70.91,AUD,EFTPOS,Fuel,Melbourne
TXN1000163,CUST3566,TERM422,2025-02-11,431.59,AUD,Debit Card,Fuel,Brisbane
TXN1000164,CUST1224,TERM549,2025-02-09,64.52,AUD,Debit Card,Electronics,Melbourne
TXN1000165,CUST3688,TERM670,2025-02-20,82.77,AUD,EFTPOS,Fuel,Perth
TXN1000166,CUST4451,TERM165,2025-02-17,288.61,AUD,Credit Card,Fuel,Perth
TXN1000167,CUST4266,TERM628,2025-02-22,352.36,AUD,Mobile Payment,Electronics,Perth
TXN1000168,CUST4981,TERM434,2025-02-20,411.49,AUD,Credit Card,Electronics,Perth
TXN1000169,CUST3685,TERM397,2025-02-02,73.17,AUD,Debit Card,Fuel,Adelaide
TXN1000170,CUST2800,TERM667,2025-02-15,297.0,AUD,EFTPOS,Grocery,Adelaide
TXN1000171,CUST2357,TERM682,2025-02-07,85.49,AUD,Credit Card,Retail,Brisbane
TXN1000172,CUST6636,TERM978,2025-02-12,442.01,AUD,Credit Card,Grocery,Adelaide
TXN1000173,CUST6030,TERM842,2025-02-04,309.69,AUD,Credit Card,Retail,Adelaide
TXN1000174,CUST5556,TERM584,2025-02-19,473.6,AUD,EFTPOS,Electronics,Melbourne
TXN1000175,CUST7742,TERM168,2025-02-16,277.12,AUD,Credit Card,Grocery,Sydney
TXN1000176,CUST6822,TERM773,2025-02-09,235.3,AUD,Debit Card,Grocery,Sydney
TXN1000177,CUST3502,TERM116,2025-02-21,465.69,AUD,Debit Card,Retail,Perth
TXN1000178,CUST4776,TERM641,2025-02-04,488.63,AUD,Debit Card,Electronics,Brisbane
TXN1000179,CUST4670,TERM921,2025-02-18,144.16,AUD,EFTPOS,Retail,Adelaide
TXN1000180,CUST2814,TERM391,2025-02-03,470.18,AUD,Debit Card,Dining,Melbourne
TXN1000181,CUST5177,TERM535,2025-02-15,80.77,AUD,Mobile Payment,Grocery,Adelaide
TXN1000182,CUST9409,TERM957,2025-02-12,222.72,AUD,Mobile Payment,Electronics,Adelaide
TXN1000183,CUST2081,TERM870,2025-02-14,477.99,AUD,Mobile Payment,Grocery,Brisbane
TXN1000184,CUST3013,TERM556,2025-02-22,251.48,AUD,Mobile Payment,Retail,Perth
TXN1000185,CUST5013,TERM725,2025-02-13,399.31,AUD,Credit Card,Fuel,Perth
TXN1000186,CUST7770,TERM539,2025-02-19,425.17,AUD,Debit Card,Electronics,Perth
TXN1000187,CUST1017,TERM204,2025-02-20,14.07,AUD,Mobile Payment,Dining,Adelaide
TXN1000188,CUST2842,TERM915,2025-02-19,383.94,AUD,Mobile Payment,Fuel,Brisbane
TXN1000189,CUST1375,TERM115,2025-02-03,20.03,AUD,Debit Card,Fuel,Perth
TXN1000190,CUST3701,TERM122,2025-02-17,446.9,AUD,Debit Card,Retail,Sydney
TXN1000191,CUST5014,TERM156,2025-02-16,12.53,AUD,Credit Card,Dining,Brisbane
TXN1000192,CUST9158,TERM492,2025-02-16,458.28,AUD,EFTPOS,Fuel,Melbourne
TXN1000193,CUST5108,TERM479,2025-02-11,265.7,AUD,Debit Card,Dining,Sydney
TXN1000194,CUST8159,TERM471,2025-02-16,235.12,AUD,EFTPOS,Retail,Brisbane
TXN1000195,CUST1073,TERM426,2025-02-03,109.18,AUD,Debit Card,Fuel,Brisbane
TXN1000196,CUST8898,TERM776,2025-02-14,55.56,AUD,Credit Card,Grocery,Melbourne
TXN1000197,CUST9297,TERM166,2025-02-03,414.24,AUD,EFTPOS,Fuel,Brisbane
TXN1000198,CUST3792,TERM698,2025-02-19,198.47,AUD,Credit Card,Grocery,Adelaide
TXN1000199,CUST1996,TERM600,2025-02-02,102.06,AUD,EFTPOS,Fuel,Brisbane
TXN1000200,CUST9611,TERM732,2025-02-02,402.55,AUD,Mobile Payment,Fuel,Adelaide
TXN1000201,CUST3695,TERM469,2025-02-19,74.28,AUD,Debit Card,Grocery,Perth
TXN1000202,CUST4335,TERM666,2025-02-20,214.85,AUD,EFTPOS,Dining,Brisbane
TXN1000203,CUST9559,TERM391,2025-02-20,329.51,AUD,Mobile Payment,Fuel,Sydney
TXN1000204,CUST7423,TERM467,2025-02-20,491.13,AUD,Credit Card,Electronics,Brisbane
TXN1000205,CUST2260,TERM494,2025-02-09,366.66,AUD,Credit Card,Retail,Sydney
TXN1000206,CUST2673,TERM737,2025-02-22,386.48,AUD,EFTPOS,Retail,Perth
TXN1000207,CUST5679,TERM912,2025-02-06,252.14,AUD,Mobile Payment,Fuel,Brisbane
TXN1000208,CUST5808,TERM599,2025-02-03,368.18,AUD,Mobile Payment,Dining,Melbourne
TXN1000209,CUST3921,TERM926,2025-02-15,286.82,AUD,Mobile Payment,Retail,Melbourne
TXN1000210,CUST9486,TERM679,2025-02-08,294.81,AUD,EFTPOS,Fuel,Sydney
TXN1000211,CUST8421,TERM823,2025-02-05,242.11,AUD,Debit Card,Dining,Brisbane
TXN1000212,CUST5935,TERM321,2025-02-20,24.8,AUD,Credit Card,Electronics,Sydney
TXN1000213,CUST2958,TERM137,2025-02-08,186.46,AUD,Mobile Payment,Grocery,Sydney
TXN1000214,CUST1983,TERM639,2025-02-04,123.83,AUD,Debit Card,Fuel,Sydney
TXN1000215,CUST8096,TERM652,2025-02-21,145.54,AUD,Credit Card,Grocery,Melbourne
TXN1000216,CUST4861,TERM821,2025-02-04,290.05,AUD,Mobile Payment,Electronics,Melbourne
TXN1000217,CUST3317,TERM149,2025-02-13,228.45,AUD,EFTPOS,Retail,Melbourne
TXN1000218,CUST9894,TERM753,2025-02-21,340.53,AUD,Credit Card,Retail,Brisbane
TXN1000219,CUST7029,TERM509,2025-02-05,314.22,AUD,Debit Card,Fuel,Perth
TXN1000220,CUST1954,TERM838,2025-02-12,263.99,AUD,Credit Card,Retail,Brisbane
TXN1000221,CUST8272,TERM967,2025-02-11,222.28,AUD,EFTPOS,Retail,Perth
TXN1000222,CUST3873,TERM784,2025-02-20,18.1,AUD,Mobile Payment,Dining,Melbourne
TXN1000223,CUST8971,TERM534,2025-02-02,190.29,AUD,Mobile Payment,Retail,Adelaide
TXN1000224,CUST8326,TERM706,2025-02-05,194.52,AUD,Credit Card,Grocery,Perth
TXN1000225,CUST3676,TERM753,2025-02-09,236.99,AUD,Debit Card,Retail,Sydney
TXN1000226,CUST3630,TERM258,2025-02-08,46.54,AUD,Credit Card,Electronics,Adelaide
TXN1000227,CUST2357,TERM563,2025-02-03,224.66,AUD,Mobile Payment,Retail,Perth
TXN1000228,CUST3118,TERM790,2025-02-02,200.78,AUD,EFTPOS,Electronics,Melbourne
TXN1000229,CUST8748,TERM939,2025-02-16,35.92,AUD,Debit Card,Electronics,Melbourne
TXN1000230,CUST2440,TERM506,2025-02-22,117.7,AUD,Credit Card,Grocery,Melbourne
TXN1000231,CUST9781,TERM277,2025-02-22,490.91,AUD,EFTPOS,Dining,Adelaide
TXN1000232,CUST4197,TERM484,2025-02-13,8.13,AUD,Debit Card,Grocery,Brisbane
TXN1000233,CUST1284,TERM379,2025-02-16,462.96,AUD,Credit Card,Retail,Brisbane
TXN1000234,CUST7615,TERM872,2025-02-09,401.15,AUD,EFTPOS,Fuel,Melbourne
TXN1000235,CUST7040,TERM104,2025-02-13,467.83,AUD,Mobile Payment,Electronics,Sydney
TXN1000236,CUST7316,TERM410,2025-02-18,493.6,AUD,Debit Card,Electronics,Melbourne
TXN1000237,CUST7950,TERM120,2025-02-07,446.63,AUD,Mobile Payment,Grocery,Melbourne
TXN1000238,CUST9363,TERM413,2025-02-16,436.0,AUD,Credit Card,Fuel,Brisbane
TXN1000239,CUST9728,TERM242,2025-02-13,418.89,AUD,Credit Card,Retail,Melbourne
TXN1000240,CUST8052,TERM471,2025-02-22,38.9,AUD,Mobile Payment,Fuel,Melbourne
TXN1000241,CUST4834,TERM632,2025-02-17,238.41,AUD,EFTPOS,Electronics,Melbourne
TXN1000242,CUST5734,TERM367,2025-02-02,31.49,AUD,Mobile Payment,Fuel,Adelaide
TXN1000243,CUST9688,TERM770,2025-02-12,205.82,AUD,Debit Card,Grocery,Sydney
TXN1000244,CUST4998,TERM128,2025-02-10,46.59,AUD,Mobile Payment,Fuel,Melbourne
TXN1000245,CUST6956,TERM686,2025-02-14,241.66,AUD,Credit Card,Fuel,Perth
TXN1000246,CUST3420,TERM651,2025-02-14,348.07,AUD,Debit Card,Electronics,Sydney
TXN1000247,CUST4511,TERM448,2025-02-18,150.12,AUD,Mobile Payment,Fuel,Brisbane
TXN1000248,CUST6109,TERM696,2025-02-08,397.51,AUD,Credit Card,Dining,Adelaide
TXN1000249,CUST4317,TERM566,2025-02-09,29.5,AUD,Debit Card,Retail,Brisbane
TXN1000250,CUST1700,TERM173,2025-02-02,447.34,AUD,Credit Card,Grocery,Adelaide
TXN1000251,CUST2063,TERM906,2025-02-21,257.3,AUD,Debit Card,Dining,Brisbane
TXN1000252,CUST8430,TERM306,2025-02-22,228.87,AUD,Mobile Payment,Electronics,Perth
TXN1000253,CUST6082,TERM914,2025-02-15,344.12,AUD,Mobile Payment,Grocery,Melbourne
TXN1000254,CUST7450,TERM234,2025-02-20,19.48,AUD,EFTPOS,Fuel,Adelaide
TXN1000255,CUST7320,TERM435,2025-02-09,308.34,AUD,Mobile Payment,Electronics,Melbourne
TXN1000256,CUST9471,TERM317,2025-02-05,432.37,AUD,Mobile Payment,Electronics,Adelaide
TXN1000257,CUST5302,TERM960,2025-02-20,214.7,AUD,Mobile Payment,Electronics,Brisbane
TXN1000258,CUST1570,TERM214,2025-02-18,287.65,AUD,EFTPOS,Fuel,Perth
TXN1000259,CUST3132,TERM547,2025-02-12,213.61,AUD,EFTPOS,Electronics,Brisbane
TXN1000260,CUST5887,TERM958,2025-02-07,483.01,AUD,Debit Card,Fuel,Sydney
TXN1000261,CUST3143,TERM417,2025-02-18,488.22,AUD,Mobile Payment,Dining,Sydney
TXN1000262,CUST2231,TERM985,2025-02-19,440.01,AUD,EFTPOS,Dining,Adelaide
TXN1000263,CUST6172,TERM396,2025-02-14,131.99,AUD,EFTPOS,Retail,Perth
TXN1000264,CUST9636,TERM778,2025-02-05,204.35,AUD,EFTPOS,Electronics,Melbourne
TXN1000265,CUST8217,TERM827,2025-02-13,38.98,AUD,Credit Card,Electronics,Brisbane
TXN1000266,CUST8460,TERM715,2025-02-11,471.13,AUD,Mobile Payment,Electronics,Melbourne
TXN1000267,CUST3871,TERM184,2025-02-08,250.08,AUD,Debit Card,Grocery,Adelaide
TXN1000268,CUST4717,TERM252,2025-02-22,376.05,AUD,Debit Card,Dining,Adelaide
TXN1000269,CUST8393,TERM249,2025-02-10,73.35,AUD,Debit Card,Grocery,Brisbane
TXN1000270,CUST3055,TERM225,2025-02-16,370.0,AUD,Mobile Payment,Dining,Adelaide
TXN1000271,CUST1751,TERM566,2025-02-06,326.52,AUD,Debit Card,Dining,Sydney
TXN1000272,CUST2483,TERM811,2025-02-14,81.72,AUD,Debit Card,Retail,Perth
TXN1000273,CUST5894,TERM306,2025-02-20,301.9,AUD,EFTPOS,Grocery,Brisbane
TXN1000274,CUST2429,TERM804,2025-02-12,144.6,AUD,Credit Card,Grocery,Brisbane
TXN1000275,CUST1702,TERM897,2025-02-21,85.99,AUD,Credit Card,Fuel,Brisbane
TXN1000276,CUST1426,TERM481,2025-02-21,101.34,AUD,Debit Card,Retail,Melbourne
TXN1000277,CUST6850,TERM149,2025-02-21,468.96,AUD,Credit Card,Grocery,Melbourne
TXN1000278,CUST4607,TERM497,2025-02-19,140.02,AUD,Credit Card,Fuel,Brisbane
TXN1000279,CUST9085,TERM401,2025-02-20,309.42,AUD,Mobile Payment,Dining,Adelaide
TXN1000280,CUST2947,TERM457,2025-02-02,394.44,AUD,Mobile Payment,Electronics,Perth
TXN1000281,CUST1243,TERM136,2025-02-20,442.79,AUD,EFTPOS,Fuel,Melbourne
TXN1000282,CUST1293,TERM590,2025-02-02,169.86,AUD,Credit Card,Grocery,Adelaide
TXN1000283,CUST8059,TERM628,2025-02-03,16.55,AUD,Mobile Payment,Grocery,Melbourne
TXN1000284,CUST2432,TERM168,2025-02-02,446.46,AUD,Credit Card,Fuel,Melbourne
TXN1000285,CUST6137,TERM617,2025-02-04,146.52,AUD,EFTPOS,Grocery,Brisbane
TXN1000286,CUST4719,TERM769,2025-02-20,358.85,AUD,EFTPOS,Grocery,Adelaide
TXN1000287,CUST6068,TERM403,2025-02-12,245.1,AUD,EFTPOS,Dining,Brisbane
TXN1000288,CUST5053,TERM396,2025-02-12,295.11,AUD,EFTPOS,Grocery,Sydney
TXN1000289,CUST4420,TERM263,2025-02-20,184.99,AUD,Credit Card,Grocery,Sydney
TXN1000290,CUST7253,TERM187,2025-02-04,458.87,AUD,Mobile Payment,Retail,Perth
TXN1000291,CUST3701,TERM702,2025-02-16,137.42,AUD,EFTPOS,Grocery,Adelaide
TXN1000292,CUST9314,TERM773,2025-02-10,460.83,AUD,Mobile Payment,Fuel,Perth
TXN1000293,CUST5776,TERM224,2025-02-17,237.36,AUD,EFTPOS,Dining,Adelaide
TXN1000294,CUST3217,TERM290,2025-02-19,23.97,AUD,EFTPOS,Grocery,Sydney
TXN1000295,CUST1014,TERM898,2025-02-04,430.27,AUD,Mobile Payment,Dining,Perth
TXN1000296,CUST5766,TERM745,2025-02-07,383.58,AUD,Debit Card,Retail,Brisbane
TXN1000297,CUST6692,TERM386,2025-02-12,8.37,AUD,Mobile Payment,Dining,Sydney
TXN1000298,CUST2306,TERM257,2025-02-13,350.06,AUD,Mobile Payment,Grocery,Sydney
TXN1000299,CUST4897,TERM872,2025-02-04,332.25,AUD,EFTPOS,Dining,Perth
TXN1000300,CUST1963,TERM907,2025-02-02,493.29,AUD,Mobile Payment,Fuel,Sydney
TXN1000301,CUST5659,TERM680,2025-02-03,23.64,AUD,EFTPOS,Retail,Melbourne
TXN1000302,CUST6928,TERM305,2025-02-05,328.81,AUD,Mobile Payment,Dining,Perth
TXN1000303,CUST8299,TERM169,2025-02-18,300.36,AUD,Mobile Payment,Grocery,Adelaide
TXN1000304,CUST2083,TERM930,2025-02-07,405.12,AUD,Debit Card,Electronics,Sydney
TXN1000305,CUST6408,TERM563,2025-02-18,166.03,AUD,Credit Card,Electronics,Perth
TXN1000306,CUST7555,TERM404,2025-02-12,262.95,AUD,Credit Card,Retail,Perth
TXN1000307,CUST2689,TERM864,2025-02-06,418.28,AUD,Debit Card,Grocery,Adelaide
TXN1000308,CUST4181,TERM277,2025-02-17,429.23,AUD,Credit Card,Grocery,Brisbane
TXN1000309,CUST7246,TERM550,2025-02-15,20.24,AUD,Mobile Payment,Dining,Adelaide
TXN1000310,CUST4305,TERM226,2025-02-02,153.39,AUD,Mobile Payment,Grocery,Adelaide
TXN1000311,CUST6748,TERM900,2025-02-08,198.95,AUD,Debit Card,Electronics,Perth
TXN1000312,CUST4212,TERM218,2025-02-06,291.34,AUD,Debit Card,Grocery,Perth
TXN1000313,CUST1516,TERM316,2025-02-21,185.16,AUD,Mobile Payment,Retail,Sydney
TXN1000314,CUST6686,TERM539,2025-02-15,298.83,AUD,Credit Card,Electronics,Adelaide
TXN1000315,CUST9019,TERM778,2025-02-19,394.43,AUD,Debit Card,Electronics,Brisbane
TXN1000316,CUST3206,TERM882,2025-02-14,107.44,AUD,EFTPOS,Dining,Perth
TXN1000317,CUST3740,TERM959,2025-02-21,417.52,AUD,Credit Card,Grocery,Adelaide
TXN1000318,CUST5752,TERM383,2025-02-09,32.49,AUD,EFTPOS,Grocery,Sydney
TXN1000319,CUST4618,TERM947,2025-02-04,296.45,AUD,EFTPOS,Dining,Brisbane
TXN1000320,CUST6485,TERM516,2025-02-15,36.95,AUD,EFTPOS,Electronics,Perth
TXN1000321,CUST9763,TERM738,2025-02-05,140.1,AUD,EFTPOS,Dining,Melbourne
TXN1000322,CUST4725,TERM662,2025-02-09,165.42,AUD,Debit Card,Dining,Adelaide
TXN1000323,CUST2912,TERM968,2025-02-22,330.36,AUD,EFTPOS,Fuel,Perth
TXN1000324,CUST9098,TERM233,2025-02-13,488.61,AUD,Credit Card,Electronics,Adelaide
TXN1000325,CUST6899,TERM118,2025-02-12,475.02,AUD,Credit Card,Electronics,Melbourne
TXN1000326,CUST4811,TERM386,2025-02-05,439.36,AUD,Mobile Payment,Dining,Perth
TXN1000327,CUST8649,TERM469,2025-02-16,276.17,AUD,EFTPOS,Retail,Melbourne
TXN1000328,CUST6643,TERM442,2025-02-03,53.84,AUD,Mobile Payment,Retail,Sydney
TXN1000329,CUST8855,TERM494,2025-02-09,447.0,AUD,Debit Card,Dining,Perth
TXN1000330,CUST4071,TERM607,2025-02-13,241.47,AUD,EFTPOS,Dining,Adelaide
TXN1000331,CUST1380,TERM693,2025-02-12,64.34,AUD,Credit Card,Grocery,Melbourne
TXN1000332,CUST9795,TERM107,2025-02-09,68.24,AUD,Mobile Payment,Retail,Melbourne
TXN1000333,CUST7656,TERM153,2025-02-12,408.03,AUD,EFTPOS,Dining,Perth
TXN1000334,CUST6168,TERM990,2025-02-04,148.9,AUD,Credit Card,Dining,Adelaide
TXN1000335,CUST3304,TERM790,2025-02-11,14.93,AUD,Debit Card,Grocery,Melbourne
TXN1000336,CUST1572,TERM968,2025-02-07,191.7,AUD,Credit Card,Dining,Melbourne
TXN1000337,CUST3595,TERM955,2025-02-10,352.61,AUD,Credit Card,Electronics,Sydney
TXN1000338,CUST4491,TERM934,2025-02-03,16.61,AUD,Mobile Payment,Grocery,Perth
TXN1000339,CUST6464,TERM428,2025-02-05,139.61,AUD,Credit Card,Grocery,Perth
TXN1000340,CUST7632,TERM744,2025-02-02,337.31,AUD,Debit Card,Electronics,Sydney
TXN1000341,CUST6477,TERM340,2025-02-19,118.95,AUD,EFTPOS,Dining,Adelaide
TXN1000342,CUST5365,TERM475,2025-02-17,38.67,AUD,Credit Card,Fuel,Brisbane
TXN1000343,CUST2556,TERM446,2025-02-07,408.83,AUD,Debit Card,Dining,Sydney
TXN1000344,CUST6660,TERM974,2025-02-21,280.16,AUD,Mobile Payment,Dining,Adelaide
TXN1000345,CUST6306,TERM229,2025-02-09,375.49,AUD,Credit Card,Fuel,Melbourne
TXN1000346,CUST2396,TERM309,2025-02-07,134.0,AUD,Debit Card,Grocery,Sydney
TXN1000347,CUST4502,TERM450,2025-02-10,427.74,AUD,Credit Card,Fuel,Perth
TXN1000348,CUST1760,TERM765,2025-02-06,207.98,AUD,Debit Card,Electronics,Brisbane
TXN1000349,CUST6300,TERM182,2025-02-14,19.85,AUD,EFTPOS,Grocery,Perth
TXN1000350,CUST8969,TERM971,2025-02-12,373.93,AUD,Debit Card,Fuel,Melbourne
TXN1000351,CUST7662,TERM124,2025-02-13,487.01,AUD,EFTPOS,Dining,Perth
TXN1000352,CUST7958,TERM366,2025-02-21,473.67,AUD,Mobile Payment,Grocery,Sydney
TXN1000353,CUST9480,TERM781,2025-02-20,267.47,AUD,Credit Card,Electronics,Melbourne
TXN1000354,CUST3053,TERM125,2025-02-02,463.67,AUD,EFTPOS,Grocery,Adelaide
TXN1000355,CUST1448,TERM761,2025-02-10,429.2,AUD,Mobile Payment,Electronics,Adelaide
TXN1000356,CUST1211,TERM736,2025-02-05,232.64,AUD,Mobile Payment,Electronics,Sydney
TXN1000357,CUST2553,TERM928,2025-02-20,205.47,AUD,Debit Card,Electronics,Brisbane
TXN1000358,CUST2929,TERM110,2025-02-21,33.28,AUD,EFTPOS,Dining,Melbourne
TXN1000359,CUST5430,TERM240,2025-02-02,211.66,AUD,EFTPOS,Grocery,Sydney
TXN1000360,CUST5313,TERM804,2025-02-10,34.53,AUD,EFTPOS,Retail,Melbourne
TXN1000361,CUST9541,TERM712,2025-02-09,252.37,AUD,Mobile Payment,Grocery,Melbourne
TXN1000362,CUST7870,TERM894,2025-02-13,97.13,AUD,Mobile Payment,Fuel,Sydney
TXN1000363,CUST3629,TERM767,2025-02-22,488.36,AUD,EFTPOS,Retail,Perth
TXN1000364,CUST7315,TERM892,2025-02-08,125.36,AUD,Debit Card,Fuel,Melbourne
TXN1000365,CUST5089,TERM866,2025-02-21,222.21,AUD,Credit Card,Grocery,Adelaide
TXN1000366,CUST5124,TERM841,2025-02-20,203.78,AUD,Debit Card,Electronics,Sydney
TXN1000367,CUST6247,TERM141,2025-02-20,162.16,AUD,EFTPOS,Grocery,Perth
TXN1000368,CUST3296,TERM916,2025-02-12,481.25,AUD,Debit Card,Grocery,Brisbane
TXN1000369,CUST7127,TERM964,2025-02-12,84.82,AUD,Credit Card,Electronics,Brisbane
TXN1000370,CUST8313,TERM261,2025-02-04,265.19,AUD,EFTPOS,Retail,Sydney
TXN1000371,CUST5109,TERM916,2025-02-14,267.44,AUD,EFTPOS,Retail,Adelaide
TXN1000372,CUST9889,TERM362,2025-02-10,302.5,AUD,EFTPOS,Electronics,Adelaide
TXN1000373,CUST4094,TERM144,2025-02-22,449.98,AUD,Mobile Payment,Electronics,Brisbane
TXN1000374,CUST1150,TERM123,2025-02-09,53.94,AUD,Mobile Payment,Grocery,Perth
TXN1000375,CUST1451,TERM430,2025-02-04,457.43,AUD,Mobile Payment,Dining,Perth
TXN1000376,CUST1427,TERM550,2025-02-12,455.8,AUD,Mobile Payment,Retail,Adelaide
TXN1000377,CUST8639,TERM712,2025-02-14,220.09,AUD,Mobile Payment,Grocery,Sydney
TXN1000378,CUST6755,TERM566,2025-02-04,336.24,AUD,Mobile Payment,Grocery,Brisbane
TXN1000379,CUST3468,TERM515,2025-02-15,337.64,AUD,Debit Card,Fuel,Sydney
TXN1000380,CUST7464,TERM186,2025-02-21,456.27,AUD,Credit Card,Electronics,Melbourne
TXN1000381,CUST3619,TERM471,2025-02-13,139.1,AUD,Mobile Payment,Grocery,Melbourne
TXN1000382,CUST3935,TERM686,2025-02-11,107.37,AUD,Credit Card,Retail,Perth
TXN1000383,CUST7668,TERM157,2025-02-03,169.09,AUD,Debit Card,Electronics,Brisbane
TXN1000384,CUST2159,TERM715,2025-02-04,98.48,AUD,Credit Card,Retail,Perth
TXN1000385,CUST5613,TERM954,2025-02-02,146.55,AUD,Credit Card,Dining,Adelaide
TXN1000386,CUST7509,TERM785,2025-02-22,421.54,AUD,Debit Card,Grocery,Adelaide
TXN1000387,CUST6206,TERM500,2025-02-08,402.85,AUD,Debit Card,Retail,Perth
TXN1000388,CUST7667,TERM254,2025-02-19,497.49,AUD,Mobile Payment,Grocery,Sydney
TXN1000389,CUST9869,TERM420,2025-02-10,68.88,AUD,EFTPOS,Fuel,Brisbane
TXN1000390,CUST7385,TERM330,2025-02-14,497.64,AUD,Debit Card,Retail,Sydney
TXN1000391,CUST9701,TERM522,2025-02-12,148.56,AUD,Mobile Payment,Electronics,Brisbane
TXN1000392,CUST5555,TERM956,2025-02-07,358.95,AUD,Credit Card,Grocery,Melbourne
TXN1000393,CUST7504,TERM591,2025-02-21,244.63,AUD,Credit Card,Electronics,Brisbane
TXN1000394,CUST8610,TERM783,2025-02-15,356.65,AUD,EFTPOS,Dining,Brisbane
TXN1000395,CUST4247,TERM650,2025-02-20,6.09,AUD,Debit Card,Grocery,Adelaide
TXN1000396,CUST8208,TERM103,2025-02-05,76.52,AUD,EFTPOS,Electronics,Adelaide
TXN1000397,CUST3499,TERM657,2025-02-07,195.53,AUD,Debit Card,Fuel,Melbourne
TXN1000398,CUST1221,TERM977,2025-02-03,211.25,AUD,Debit Card,Dining,Adelaide
TXN1000399,CUST6769,TERM212,2025-02-12,70.67,AUD,EFTPOS,Retail,Perth
TXN1000400,CUST2309,TERM666,2025-02-18,475.07,AUD,Debit Card,Retail,Sydney
TXN1000401,CUST6406,TERM706,2025-02-14,170.17,AUD,Credit Card,Fuel,Perth
TXN1000402,CUST4449,TERM943,2025-02-11,39.94,AUD,Debit Card,Electronics,Brisbane
TXN1000403,CUST3974,TERM626,2025-02-18,333.26,AUD,Credit Card,Grocery,Adelaide
TXN1000404,CUST6620,TERM292,2025-02-15,371.46,AUD,Mobile Payment,Grocery,Sydney
TXN1000405,CUST5833,TERM961,2025-02-06,164.89,AUD,Debit Card,Retail,Melbourne
TXN1000406,CUST1585,TERM754,2025-02-05,94.8,AUD,Debit Card,Fuel,Adelaide
TXN1000407,CUST7675,TERM310,2025-02-08,282.44,AUD,Credit Card,Grocery,Adelaide
TXN1000408,CUST7992,TERM511,2025-02-12,18.78,AUD,EFTPOS,Electronics,Perth
TXN1000409,CUST2247,TERM509,2025-02-22,472.13,AUD,Mobile Payment,Dining,Sydney
TXN1000410,CUST8900,TERM714,2025-02-22,11.28,AUD,EFTPOS,Electronics,Melbourne
TXN1000411,CUST4795,TERM997,2025-02-16,135.38,AUD,EFTPOS,Dining,Adelaide
TXN1000412,CUST8446,TERM327,2025-02-19,351.9,AUD,Debit Card,Electronics,Sydney
TXN1000413,CUST4381,TERM567,2025-02-09,355.27,AUD,Credit Card,Electronics,Melbourne
TXN1000414,CUST7743,TERM479,2025-02-14,70.69,AUD,Mobile Payment,Electronics,Perth
TXN1000415,CUST2904,TERM460,2025-02-04,419.8,AUD,Debit Card,Electronics,Perth
TXN1000416,CUST4612,TERM154,2025-02-19,443.24,AUD,Credit Card,Fuel,Perth
TXN1000417,CUST1078,TERM928,2025-02-16,344.4,AUD,EFTPOS,Grocery,Brisbane
TXN1000418,CUST7851,TERM636,2025-02-15,485.26,AUD,Debit Card,Fuel,Perth
TXN1000419,CUST3759,TERM454,2025-02-21,38.62,AUD,EFTPOS,Electronics,Adelaide
TXN1000420,CUST1862,TERM145,2025-02-14,336.63,AUD,EFTPOS,Fuel,Perth
TXN1000421,CUST1835,TERM973,2025-02-09,498.4,AUD,Mobile Payment,Retail,Melbourne
TXN1000422,CUST1796,TERM572,2025-02-18,326.6,AUD,Debit Card,Grocery,Melbourne
TXN1000423,CUST4679,TERM479,2025-02-03,407.81,AUD,Debit Card,Fuel,Adelaide
TXN1000424,CUST5880,TERM131,2025-02-18,467.11,AUD,Debit Card,Fuel,Adelaide
TXN1000425,CUST3696,TERM722,2025-02-13,355.18,AUD,Mobile Payment,Fuel,Adelaide
TXN1000426,CUST3712,TERM816,2025-02-08,411.5,AUD,Credit Card,Electronics,Melbourne
TXN1000427,CUST9675,TERM354,2025-02-08,319.9,AUD,Mobile Payment,Electronics,Adelaide
TXN1000428,CUST5268,TERM237,2025-02-20,240.5,AUD,Mobile Payment,Grocery,Melbourne
TXN1000429,CUST7296,TERM921,2025-02-21,95.56,AUD,Mobile Payment,Electronics,Melbourne
TXN1000430,CUST8809,TERM870,2025-02-17,167.6,AUD,Debit Card,Grocery,Sydney
TXN1000431,CUST5643,TERM668,2025-02-02,44.59,AUD,Debit Card,Grocery,Melbourne
TXN1000432,CUST4367,TERM643,2025-02-21,227.31,AUD,EFTPOS,Electronics,Melbourne
TXN1000433,CUST2799,TERM870,2025-02-12,358.7,AUD,Debit Card,Grocery,Melbourne
TXN1000434,CUST3971,TERM943,2025-02-13,156.84,AUD,EFTPOS,Fuel,Adelaide
TXN1000435,CUST6370,TERM813,2025-02-11,464.16,AUD,Debit Card,Retail,Sydney
TXN1000436,CUST4795,TERM545,2025-02-12,351.1,AUD,EFTPOS,Electronics,Sydney
TXN1000437,CUST7825,TERM380,2025-02-20,431.8,AUD,Mobile Payment,Grocery,Brisbane
TXN1000438,CUST3081,TERM512,2025-02-19,215.76,AUD,Debit Card,Dining,Brisbane
TXN1000439,CUST7360,TERM652,2025-02-05,311.44,AUD,Debit Card,Retail,Sydney
TXN1000440,CUST3754,TERM256,2025-02-06,54.03,AUD,Credit Card,Dining,Adelaide
TXN1000441,CUST6443,TERM773,2025-02-02,238.33,AUD,Debit Card,Electronics,Sydney
TXN1000442,CUST7127,TERM594,2025-02-07,176.23,AUD,Mobile Payment,Dining,Sydney
TXN1000443,CUST5847,TERM226,2025-02-16,453.23,AUD,EFTPOS,Retail,Perth
TXN1000444,CUST5692,TERM511,2025-02-19,299.07,AUD,Debit Card,Retail,Sydney
TXN1000445,CUST6182,TERM235,2025-02-04,470.42,AUD,Mobile Payment,Fuel,Brisbane
TXN1000446,CUST9794,TERM926,2025-02-13,466.5,AUD,Credit Card,Electronics,Adelaide
TXN1000447,CUST6109,TERM301,2025-02-05,467.58,AUD,EFTPOS,Retail,Perth
TXN1000448,CUST3767,TERM256,2025-02-02,132.82,AUD,Mobile Payment,Fuel,Melbourne
TXN1000449,CUST5454,TERM935,2025-02-06,12.39,AUD,Mobile Payment,Dining,Perth
TXN1000450,CUST7517,TERM765,2025-02-08,410.36,AUD,Credit Card,Electronics,Perth
TXN1000451,CUST9842,TERM762,2025-02-18,251.12,AUD,Mobile Payment,Fuel,Perth
TXN1000452,CUST3378,TERM612,2025-02-17,449.47,AUD,Debit Card,Dining,Melbourne
TXN1000453,CUST6283,TERM418,2025-02-18,387.69,AUD,EFTPOS,Dining,Perth
TXN1000454,CUST5917,TERM603,2025-02-14,199.82,AUD,Credit Card,Dining,Adelaide
TXN1000455,CUST1693,TERM635,2025-02-04,205.59,AUD,Credit Card,Retail,Sydney
TXN1000456,CUST9595,TERM841,2025-02-12,429.61,AUD,EFTPOS,Grocery,Melbourne
TXN1000457,CUST4623,TERM918,2025-02-03,263.16,AUD,Debit Card,Fuel,Adelaide
TXN1000458,CUST1745,TERM174,2025-02-12,271.4,AUD,EFTPOS,Grocery,Melbourne
TXN1000459,CUST5753,TERM823,2025-02-19,19.82,AUD,Credit Card,Dining,Melbourne
TXN1000460,CUST5659,TERM354,2025-02-19,391.77,AUD,Credit Card,Retail,Sydney
TXN1000461,CUST2519,TERM854,2025-02-14,249.65,AUD,Mobile Payment,Electronics,Perth
TXN1000462,CUST4074,TERM199,2025-02-17,206.44,AUD,Debit Card,Retail,Sydney
TXN1000463,CUST4158,TERM360,2025-02-16,16.45,AUD,Credit Card,Fuel,Brisbane
TXN1000464,CUST2511,TERM843,2025-02-05,90.51,AUD,EFTPOS,Electronics,Brisbane
TXN1000465,CUST2725,TERM598,2025-02-03,267.8,AUD,Mobile Payment,Dining,Melbourne
TXN1000466,CUST1237,TERM670,2025-02-02,239.52,AUD,Mobile Payment,Grocery,Sydney
TXN1000467,CUST2539,TERM925,2025-02-21,131.67,AUD,Mobile Payment,Fuel,Brisbane
TXN1000468,CUST2048,TERM856,2025-02-21,165.82,AUD,Credit Card,Fuel,Brisbane
TXN1000469,CUST1027,TERM692,2025-02-07,139.56,AUD,Credit Card,Dining,Sydney
TXN1000470,CUST2055,TERM808,2025-02-06,476.22,AUD,EFTPOS,Retail,Brisbane
TXN1000471,CUST3123,TERM193,2025-02-06,28.78,AUD,Mobile Payment,Retail,Brisbane
TXN1000472,CUST3965,TERM234,2025-02-14,489.51,AUD,Mobile Payment,Dining,Perth
TXN1000473,CUST3793,TERM611,2025-02-13,294.82,AUD,EFTPOS,Electronics,Melbourne
TXN1000474,CUST9011,TERM866,2025-02-22,119.13,AUD,EFTPOS,Fuel,Adelaide
TXN1000475,CUST8191,TERM126,2025-02-07,252.08,AUD,EFTPOS,Retail,Sydney
TXN1000476,CUST9093,TERM468,2025-02-14,397.13,AUD,Credit Card,Retail,Brisbane
TXN1000477,CUST1337,TERM884,2025-02-19,234.33,AUD,Debit Card,Dining,Adelaide
TXN1000478,CUST4739,TERM468,2025-02-05,192.54,AUD,Credit Card,Retail,Melbourne
TXN1000479,CUST3399,TERM520,2025-02-03,498.19,AUD,Credit Card,Retail,Sydney
TXN1000480,CUST8132,TERM640,2025-02-12,259.59,AUD,Mobile Payment,Grocery,Melbourne
TXN1000481,CUST2505,TERM326,2025-02-13,242.82,AUD,Credit Card,Fuel,Melbourne
TXN1000482,CUST8726,TERM801,2025-02-06,327.37,AUD,Mobile Payment,Grocery,Brisbane
TXN1000483,CUST6635,TERM174,2025-02-15,385.95,AUD,Debit Card,Grocery,Brisbane
TXN1000484,CUST2619,TERM760,2025-02-14,73.18,AUD,Mobile Payment,Retail,Adelaide
TXN1000485,CUST1859,TERM150,2025-02-20,307.93,AUD,EFTPOS,Grocery,Adelaide
TXN1000486,CUST5361,TERM259,2025-02-03,268.4,AUD,Debit Card,Dining,Brisbane
TXN1000487,CUST3130,TERM733,2025-02-19,341.78,AUD,Credit Card,Electronics,Melbourne
TXN1000488,CUST8631,TERM123,2025-02-05,42.19,AUD,Credit Card,Dining,Adelaide
TXN1000489,CUST1711,TERM367,2025-02-03,221.23,AUD,EFTPOS,Retail,Brisbane
TXN1000490,CUST8007,TERM985,2025-02-19,375.79,AUD,Credit Card,Dining,Sydney
TXN1000491,CUST6672,TERM602,2025-02-17,65.35,AUD,Debit Card,Grocery,Perth
TXN1000492,CUST6912,TERM558,2025-02-12,358.33,AUD,Credit Card,Retail,Perth
TXN1000493,CUST9137,TERM984,2025-02-20,186.11,AUD,Mobile Payment,Electronics,Melbourne
TXN1000494,CUST7018,TERM753,2025-02-21,8.41,AUD,Credit Card,Dining,Melbourne
TXN1000495,CUST8953,TERM621,2025-02-06,420.11,AUD,Mobile Payment,Grocery,Adelaide
TXN1000496,CUST7775,TERM691,2025-02-13,5.23,AUD,EFTPOS,Dining,Melbourne
TXN1000497,CUST9699,TERM917,2025-02-18,242.76,AUD,Credit Card,Electronics,Sydney
TXN1000498,CUST7695,TERM815,2025-02-22,248.6,AUD,Credit Card,Grocery,Sydney
TXN1000499,CUST8892,TERM474,2025-02-09,75.02,AUD,EFTPOS,Fuel,Perth
TXN1000500,CUST2652,TERM135,2025-02-17,462.25,AUD,Mobile Payment,Dining,Perth
TXN1000501,CUST8501,TERM592,2025-02-07,227.85,AUD,Debit Card,Grocery,Brisbane
TXN1000502,CUST4304,TERM491,2025-02-05,287.96,AUD,Mobile Payment,Dining,Adelaide
TXN1000503,CUST8730,TERM375,2025-02-07,325.13,AUD,Credit Card,Dining,Sydney
TXN1000504,CUST2022,TERM142,2025-02-02,98.19,AUD,Debit Card,Grocery,Melbourne
TXN1000505,CUST2638,TERM862,2025-02-17,194.45,AUD,Credit Card,Retail,Sydney
TXN1000506,CUST1861,TERM277,2025-02-05,390.25,AUD,Mobile Payment,Retail,Brisbane
TXN1000507,CUST4921,TERM440,2025-02-17,143.69,AUD,Mobile Payment,Retail,Adelaide
TXN1000508,CUST2293,TERM577,2025-02-21,454.21,AUD,Credit Card,Dining,Melbourne
TXN1000509,CUST6769,TERM442,2025-02-21,102.38,AUD,Mobile Payment,Electronics,Brisbane
TXN1000510,CUST2347,TERM604,2025-02-12,188.52,AUD,Debit Card,Electronics,Melbourne
TXN1000511,CUST6039,TERM603,2025-02-03,91.43,AUD,Credit Card,Dining,Sydney
TXN1000512,CUST8549,TERM179,2025-02-14,228.28,AUD,Debit Card,Retail,Melbourne
TXN1000513,CUST4630,TERM189,2025-02-17,194.63,AUD,EFTPOS,Retail,Brisbane
TXN1000514,CUST7342,TERM257,2025-02-16,113.78,AUD,EFTPOS,Electronics,Perth
TXN1000515,CUST5640,TERM956,2025-02-03,289.85,AUD,Credit Card,Fuel,Sydney
TXN1000516,CUST7087,TERM921,2025-02-22,64.46,AUD,EFTPOS,Retail,Sydney
TXN1000517,CUST2096,TERM265,2025-02-05,184.38,AUD,Credit Card,Grocery,Brisbane
TXN1000518,CUST7946,TERM456,2025-02-15,66.81,AUD,Credit Card,Dining,Brisbane
TXN1000519,CUST1556,TERM498,2025-02-19,193.96,AUD,Debit Card,Fuel,Perth
TXN1000520,CUST9592,TERM818,2025-02-08,77.57,AUD,Mobile Payment,Dining,Sydney
TXN1000521,CUST7197,TERM198,2025-02-06,430.65,AUD,Credit Card,Retail,Brisbane
TXN1000522,CUST9059,TERM355,2025-02-16,426.3,AUD,Mobile Payment,Retail,Brisbane
TXN1000523,CUST6497,TERM110,2025-02-19,227.22,AUD,Debit Card,Grocery,Perth
TXN1000524,CUST4659,TERM833,2025-02-12,75.49,AUD,Debit Card,Dining,Brisbane
TXN1000525,CUST8292,TERM578,2025-02-22,181.53,AUD,EFTPOS,Dining,Adelaide
TXN1000526,CUST1400,TERM266,2025-02-04,436.07,AUD,Credit Card,Fuel,Adelaide
TXN1000527,CUST2657,TERM629,2025-02-13,398.51,AUD,EFTPOS,Electronics,Melbourne
TXN1000528,CUST3332,TERM698,2025-02-05,394.26,AUD,Mobile Payment,Electronics,Perth
TXN1000529,CUST4516,TERM897,2025-02-22,14.57,AUD,Debit Card,Dining,Sydney
TXN1000530,CUST6673,TERM803,2025-02-08,402.57,AUD,Mobile Payment,Grocery,Melbourne
TXN1000531,CUST7886,TERM557,2025-02-09,96.05,AUD,Debit Card,Fuel,Melbourne
TXN1000532,CUST6578,TERM781,2025-02-19,486.55,AUD,Debit Card,Retail,Sydney
TXN1000533,CUST5247,TERM276,2025-02-15,314.22,AUD,EFTPOS,Grocery,Adelaide
TXN1000534,CUST7752,TERM248,2025-02-09,240.85,AUD,Credit Card,Dining,Sydney
TXN1000535,CUST5247,TERM432,2025-02-07,359.41,AUD,Debit Card,Dining,Adelaide
TXN1000536,CUST6257,TERM126,2025-02-05,119.59,AUD,Debit Card,Dining,Melbourne
TXN1000537,CUST4782,TERM563,2025-02-13,488.56,AUD,EFTPOS,Fuel,Brisbane
TXN1000538,CUST8011,TERM143,2025-02-19,302.58,AUD,Credit Card,Fuel,Perth
TXN1000539,CUST1821,TERM404,2025-02-07,119.64,AUD,Credit Card,Retail,Brisbane
TXN1000540,CUST9055,TERM369,2025-02-10,112.56,AUD,Credit Card,Dining,Adelaide
TXN1000541,CUST3586,TERM706,2025-02-13,228.33,AUD,EFTPOS,Retail,Perth
TXN1000542,CUST4621,TERM312,2025-02-04,102.09,AUD,Credit Card,Electronics,Adelaide
TXN1000543,CUST2624,TERM678,2025-02-11,277.91,AUD,Credit Card,Electronics,Perth
TXN1000544,CUST7537,TERM726,2025-02-09,378.74,AUD,EFTPOS,Dining,Melbourne
TXN1000545,CUST8513,TERM660,2025-02-20,317.73,AUD,Mobile Payment,Grocery,Perth
TXN1000546,CUST2266,TERM197,2025-02-20,448.2,AUD,Debit Card,Dining,Perth
TXN1000547,CUST4383,TERM915,2025-02-07,108.77,AUD,Debit Card,Fuel,Melbourne
TXN1000548,CUST7291,TERM687,2025-02-03,22.82,AUD,Debit Card,Retail,Melbourne
TXN1000549,CUST8272,TERM290,2025-02-17,384.26,AUD,Mobile Payment,Dining,Melbourne
TXN1000550,CUST7368,TERM377,2025-02-10,186.7,AUD,Debit Card,Grocery,Melbourne
TXN1000551,CUST8811,TERM370,2025-02-10,383.4,AUD,Credit Card,Electronics,Sydney
TXN1000552,CUST3731,TERM204,2025-02-05,405.94,AUD,EFTPOS,Retail,Brisbane
TXN1000553,CUST9751,TERM144,2025-02-09,217.79,AUD,Mobile Payment,Grocery,Sydney
TXN1000554,CUST7257,TERM349,2025-02-03,126.97,AUD,EFTPOS,Electronics,Sydney
TXN1000555,CUST4893,TERM430,2025-02-10,231.29,AUD,Credit Card,Electronics,Perth
TXN1000556,CUST3948,TERM983,2025-02-14,170.99,AUD,Mobile Payment,Dining,Sydney
TXN1000557,CUST1566,TERM177,2025-02-17,321.94,AUD,Debit Card,Electronics,Perth
TXN1000558,CUST4231,TERM513,2025-02-03,470.26,AUD,Mobile Payment,Dining,Perth
TXN1000559,CUST7520,TERM553,2025-02-13,48.34,AUD,Debit Card,Grocery,Brisbane
TXN1000560,CUST6284,TERM917,2025-02-22,377.2,AUD,Credit Card,Grocery,Sydney
TXN1000561,CUST8999,TERM582,2025-02-17,143.89,AUD,EFTPOS,Retail,Adelaide
TXN1000562,CUST3979,TERM499,2025-02-03,30.66,AUD,Mobile Payment,Electronics,Brisbane
TXN1000563,CUST1090,TERM515,2025-02-04,89.22,AUD,Debit Card,Retail,Sydney
TXN1000564,CUST1514,TERM963,2025-02-03,12.23,AUD,Mobile Payment,Fuel,Sydney
TXN1000565,CUST7315,TERM827,2025-02-10,359.53,AUD,Credit Card,Retail,Adelaide
TXN1000566,CUST4137,TERM468,2025-02-19,222.16,AUD,Debit Card,Electronics,Sydney
TXN1000567,CUST6927,TERM376,2025-02-06,202.51,AUD,Debit Card,Grocery,Adelaide
TXN1000568,CUST5369,TERM167,2025-02-21,362.08,AUD,Credit Card,Dining,Melbourne
TXN1000569,CUST3703,TERM265,2025-02-12,243.92,AUD,Credit Card,Electronics,Sydney
TXN1000570,CUST7417,TERM420,2025-02-07,274.12,AUD,Credit Card,Dining,Brisbane
TXN1000571,CUST9840,TERM686,2025-02-08,473.45,AUD,Debit Card,Dining,Sydney
TXN1000572,CUST1963,TERM904,2025-02-22,328.1,AUD,EFTPOS,Electronics,Adelaide
TXN1000573,CUST5963,TERM273,2025-02-19,192.8,AUD,EFTPOS,Fuel,Sydney
TXN1000574,CUST9633,TERM501,2025-02-06,389.21,AUD,EFTPOS,Dining,Brisbane
TXN1000575,CUST7618,TERM651,2025-02-10,23.6,AUD,Debit Card,Fuel,Sydney
TXN1000576,CUST9842,TERM103,2025-02-11,143.42,AUD,Debit Card,Retail,Sydney
TXN1000577,CUST3213,TERM186,2025-02-21,172.21,AUD,Mobile Payment,Electronics,Perth
TXN1000578,CUST2414,TERM186,2025-02-13,126.12,AUD,EFTPOS,Electronics,Melbourne
TXN1000579,CUST4892,TERM503,2025-02-17,276.01,AUD,Debit Card,Fuel,Perth
TXN1000580,CUST3611,TERM996,2025-02-21,231.81,AUD,EFTPOS,Electronics,Sydney
TXN1000581,CUST4047,TERM457,2025-02-19,120.35,AUD,EFTPOS,Electronics,Adelaide
TXN1000582,CUST4931,TERM281,2025-02-21,366.88,AUD,Debit Card,Electronics,Perth
TXN1000583,CUST8362,TERM310,2025-02-09,400.0,AUD,Credit Card,Grocery,Perth
TXN1000584,CUST4703,TERM238,2025-02-17,324.99,AUD,EFTPOS,Dining,Adelaide
TXN1000585,CUST8794,TERM633,2025-02-08,383.42,AUD,EFTPOS,Retail,Adelaide
TXN1000586,CUST9124,TERM509,2025-02-05,110.98,AUD,EFTPOS,Retail,Sydney
TXN1000587,CUST6809,TERM646,2025-02-05,181.58,AUD,Credit Card,Grocery,Sydney
TXN1000588,CUST8406,TERM703,2025-02-09,136.44,AUD,Debit Card,Electronics,Melbourne
TXN1000589,CUST8080,TERM862,2025-02-18,110.29,AUD,Credit Card,Electronics,Melbourne
TXN1000590,CUST1074,TERM271,2025-02-22,159.11,AUD,Credit Card,Dining,Adelaide
TXN1000591,CUST1120,TERM765,2025-02-07,481.43,AUD,Credit Card,Electronics,Sydney
TXN1000592,CUST3152,TERM258,2025-02-15,255.86,AUD,Mobile Payment,Retail,Melbourne
TXN1000593,CUST2241,TERM528,2025-02-19,13.31,AUD,EFTPOS,Retail,Adelaide
TXN1000594,CUST4647,TERM673,2025-02-14,182.74,AUD,EFTPOS,Electronics,Brisbane
TXN1000595,CUST9886,TERM731,2025-02-22,272.61,AUD,EFTPOS,Grocery,Sydney
TXN1000596,CUST5158,TERM476,2025-02-14,159.37,AUD,Credit Card,Electronics,Sydney
TXN1000597,CUST8557,TERM885,2025-02-02,401.93,AUD,Debit Card,Dining,Perth
TXN1000598,CUST3715,TERM657,2025-02-13,205.38,AUD,Credit Card,Grocery,Melbourne
TXN1000599,CUST4028,TERM905,2025-02-18,236.74,AUD,Mobile Payment,Electronics,Melbourne
TXN1000600,CUST9421,TERM899,2025-02-06,453.98,AUD,Credit Card,Retail,Brisbane
TXN1000601,CUST2310,TERM136,2025-02-11,196.05,AUD,Credit Card,Electronics,Brisbane
TXN1000602,CUST3697,TERM621,2025-02-03,261.6,AUD,Credit Card,Dining,Adelaide
TXN1000603,CUST5362,TERM235,2025-02-05,489.29,AUD,Credit Card,Electronics,Brisbane
TXN1000604,CUST4363,TERM676,2025-02-02,356.28,AUD,Debit Card,Electronics,Perth
TXN1000605,CUST7132,TERM502,2025-02-03,318.75,AUD,Credit Card,Retail,Adelaide
TXN1000606,CUST3089,TERM497,2025-02-15,181.61,AUD,Mobile Payment,Grocery,Melbourne
TXN1000607,CUST5110,TERM671,2025-02-06,58.24,AUD,Mobile Payment,Electronics,Sydney
TXN1000608,CUST5172,TERM705,2025-02-15,63.95,AUD,Credit Card,Electronics,Brisbane
TXN1000609,CUST4044,TERM893,2025-02-14,58.81,AUD,Credit Card,Grocery,Melbourne
TXN1000610,CUST4226,TERM464,2025-02-16,28.29,AUD,Debit Card,Retail,Perth
TXN1000611,CUST5253,TERM297,2025-02-10,326.13,AUD,EFTPOS,Dining,Brisbane
TXN1000612,CUST5641,TERM150,2025-02-19,168.81,AUD,Credit Card,Retail,Perth
TXN1000613,CUST5031,TERM609,2025-02-14,269.62,AUD,EFTPOS,Fuel,Sydney
TXN1000614,CUST5243,TERM211,2025-02-05,257.63,AUD,Debit Card,Grocery,Melbourne
TXN1000615,CUST9035,TERM126,2025-02-08,416.61,AUD,Credit Card,Dining,Perth
TXN1000616,CUST9975,TERM373,2025-02-02,277.84,AUD,Credit Card,Grocery,Brisbane
TXN1000617,CUST8451,TERM669,2025-02-22,59.01,AUD,Credit Card,Electronics,Brisbane
TXN1000618,CUST1135,TERM418,2025-02-04,238.0,AUD,Debit Card,Electronics,Melbourne
TXN1000619,CUST8642,TERM258,2025-02-07,461.1,AUD,EFTPOS,Electronics,Perth
TXN1000620,CUST9032,TERM258,2025-02-12,491.7,AUD,Debit Card,Fuel,Brisbane
TXN1000621,CUST6408,TERM671,2025-02-11,317.92,AUD,Credit Card,Fuel,Brisbane
TXN1000622,CUST3432,TERM160,2025-02-02,278.98,AUD,Credit Card,Grocery,Adelaide
TXN1000623,CUST4491,TERM501,2025-02-06,488.65,AUD,EFTPOS,Electronics,Adelaide
TXN1000624,CUST4084,TERM231,2025-02-04,223.54,AUD,Debit Card,Dining,Sydney
TXN1000625,CUST8925,TERM125,2025-02-17,290.83,AUD,EFTPOS,Dining,Adelaide
TXN1000626,CUST9100,TERM631,2025-02-02,71.66,AUD,Mobile Payment,Grocery,Brisbane
TXN1000627,CUST6412,TERM233,2025-02-08,115.45,AUD,Credit Card,Grocery,Sydney
TXN1000628,CUST4628,TERM947,2025-02-11,172.89,AUD,Credit Card,Retail,Melbourne
TXN1000629,CUST5788,TERM223,2025-02-21,184.64,AUD,Credit Card,Dining,Melbourne
TXN1000630,CUST4492,TERM658,2025-02-18,476.62,AUD,Credit Card,Dining,Adelaide
TXN1000631,CUST6370,TERM928,2025-02-19,464.53,AUD,Credit Card,Grocery,Perth
TXN1000632,CUST1373,TERM307,2025-02-02,282.61,AUD,Debit Card,Retail,Brisbane
TXN1000633,CUST4235,TERM100,2025-02-09,464.38,AUD,Debit Card,Dining,Perth
TXN1000634,CUST9781,TERM529,2025-02-18,16.38,AUD,Debit Card,Grocery,Melbourne
TXN1000635,CUST8109,TERM568,2025-02-22,379.42,AUD,EFTPOS,Electronics,Melbourne
TXN1000636,CUST8555,TERM526,2025-02-03,362.49,AUD,Debit Card,Fuel,Sydney
TXN1000637,CUST9669,TERM333,2025-02-11,388.77,AUD,Mobile Payment,Dining,Sydney
TXN1000638,CUST4338,TERM533,2025-02-14,177.44,AUD,Debit Card,Electronics,Sydney
TXN1000639,CUST7113,TERM700,2025-02-17,44.93,AUD,EFTPOS,Fuel,Perth
TXN1000640,CUST4221,TERM889,2025-02-21,203.51,AUD,Credit Card,Fuel,Perth
TXN1000641,CUST4312,TERM161,2025-02-20,380.99,AUD,Mobile Payment,Retail,Adelaide
TXN1000642,CUST1338,TERM341,2025-02-21,52.37,AUD,Debit Card,Grocery,Brisbane
TXN1000643,CUST3570,TERM636,2025-02-05,430.08,AUD,Debit Card,Fuel,Melbourne
TXN1000644,CUST8903,TERM583,2025-02-20,287.65,AUD,EFTPOS,Dining,Brisbane
TXN1000645,CUST6631,TERM704,2025-02-03,89.72,AUD,EFTPOS,Grocery,Adelaide
TXN1000646,CUST4534,TERM884,2025-02-11,453.86,AUD,EFTPOS,Retail,Perth
TXN1000647,CUST9977,TERM817,2025-02-11,91.1,AUD,Credit Card,Dining,Adelaide
TXN1000648,CUST2285,TERM939,2025-02-05,373.01,AUD,Mobile Payment,Electronics,Melbourne
TXN1000649,CUST7670,TERM782,2025-02-22,36.11,AUD,Debit Card,Grocery,Adelaide
TXN1000650,CUST6588,TERM672,2025-02-21,435.67,AUD,Credit Card,Retail,Brisbane
TXN1000651,CUST1812,TERM658,2025-02-15,335.56,AUD,Debit Card,Dining,Perth
TXN1000652,CUST4788,TERM398,2025-02-22,40.61,AUD,Mobile Payment,Grocery,Sydney
TXN1000653,CUST2135,TERM105,2025-02-08,380.58,AUD,EFTPOS,Electronics,Adelaide
TXN1000654,CUST1312,TERM663,2025-02-15,163.93,AUD,EFTPOS,Fuel,Adelaide
TXN1000655,CUST7983,TERM831,2025-02-14,203.37,AUD,Credit Card,Grocery,Sydney
TXN1000656,CUST3582,TERM112,2025-02-05,297.86,AUD,Debit Card,Electronics,Brisbane
TXN1000657,CUST7274,TERM360,2025-02-14,99.21,AUD,Credit Card,Dining,Adelaide
TXN1000658,CUST4399,TERM864,2025-02-04,388.41,AUD,Credit Card,Fuel,Melbourne
TXN1000659,CUST6017,TERM280,2025-02-02,446.97,AUD,Mobile Payment,Dining,Sydney
TXN1000660,CUST6986,TERM960,2025-02-04,73.62,AUD,EFTPOS,Grocery,Perth
TXN1000661,CUST4343,TERM486,2025-02-08,58.63,AUD,Mobile Payment,Grocery,Sydney
TXN1000662,CUST9215,TERM586,2025-02-09,213.49,AUD,EFTPOS,Electronics,Adelaide
TXN1000663,CUST8906,TERM914,2025-02-09,460.33,AUD,Credit Card,Dining,Perth
TXN1000664,CUST1144,TERM260,2025-02-18,377.57,AUD,Mobile Payment,Retail,Melbourne
TXN1000665,CUST1238,TERM925,2025-02-16,489.7,AUD,Debit Card,Electronics,Brisbane
TXN1000666,CUST6145,TERM361,2025-02-09,247.88,AUD,Mobile Payment,Grocery,Adelaide
TXN1000667,CUST5839,TERM980,2025-02-15,462.08,AUD,Credit Card,Fuel,Adelaide
TXN1000668,CUST8481,TERM593,2025-02-16,15.54,AUD,Credit Card,Electronics,Adelaide
TXN1000669,CUST9131,TERM844,2025-02-16,147.12,AUD,EFTPOS,Grocery,Sydney
TXN1000670,CUST6320,TERM302,2025-02-06,216.07,AUD,EFTPOS,Retail,Sydney
TXN1000671,CUST1888,TERM185,2025-02-21,258.02,AUD,Debit Card,Dining,Perth
TXN1000672,CUST3810,TERM933,2025-02-02,217.93,AUD,Credit Card,Dining,Adelaide
TXN1000673,CUST4599,TERM216,2025-02-07,96.33,AUD,Mobile Payment,Retail,Perth
TXN1000674,CUST6319,TERM983,2025-02-09,164.75,AUD,Credit Card,Retail,Sydney
TXN1000675,CUST8828,TERM987,2025-02-02,336.48,AUD,Credit Card,Dining,Adelaide
TXN1000676,CUST6001,TERM224,2025-02-04,446.22,AUD,EFTPOS,Electronics,Sydney
TXN1000677,CUST7658,TERM290,2025-02-08,17.39,AUD,Credit Card,Retail,Perth
TXN1000678,CUST8916,TERM859,2025-02-09,241.95,AUD,Debit Card,Fuel,Adelaide
TXN1000679,CUST7083,TERM896,2025-02-14,31.42,AUD,Credit Card,Electronics,Adelaide
TXN1000680,CUST7971,TERM582,2025-02-13,38.36,AUD,Debit Card,Grocery,Brisbane
TXN1000681,CUST7634,TERM177,2025-02-10,291.55,AUD,Mobile Payment,Fuel,Brisbane
TXN1000682,CUST7421,TERM819,2025-02-14,278.5,AUD,Mobile Payment,Grocery,Perth
TXN1000683,CUST3028,TERM772,2025-02-20,341.86,AUD,Debit Card,Fuel,Adelaide
TXN1000684,CUST7401,TERM767,2025-02-16,89.09,AUD,EFTPOS,Electronics,Adelaide
TXN1000685,CUST7159,TERM810,2025-02-10,466.37,AUD,Credit Card,Retail,Perth
TXN1000686,CUST7040,TERM631,2025-02-11,296.56,AUD,Mobile Payment,Electronics,Adelaide
TXN1000687,CUST9562,TERM738,2025-02-14,306.24,AUD,Mobile Payment,Grocery,Melbourne
TXN1000688,CUST2470,TERM707,2025-02-08,405.88,AUD,Credit Card,Grocery,Perth
TXN1000689,CUST6511,TERM349,2025-02-18,330.03,AUD,Mobile Payment,Retail,Perth
TXN1000690,CUST9484,TERM221,2025-02-11,461.0,AUD,Debit Card,Dining,Sydney
TXN1000691,CUST2426,TERM241,2025-02-11,409.31,AUD,Mobile Payment,Fuel,Brisbane
TXN1000692,CUST7181,TERM674,2025-02-10,222.87,AUD,Mobile Payment,Grocery,Melbourne
TXN1000693,CUST1389,TERM735,2025-02-08,332.62,AUD,Credit Card,Fuel,Sydney
TXN1000694,CUST7076,TERM825,2025-02-15,461.9,AUD,Debit Card,Grocery,Sydney
TXN1000695,CUST6289,TERM550,2025-02-15,94.95,AUD,Credit Card,Dining,Brisbane
TXN1000696,CUST2871,TERM667,2025-02-11,43.98,AUD,EFTPOS,Retail,Adelaide
TXN1000697,CUST4487,TERM146,2025-02-10,160.23,AUD,Mobile Payment,Dining,Perth
TXN1000698,CUST5706,TERM409,2025-02-05,136.27,AUD,EFTPOS,Retail,Melbourne
TXN1000699,CUST4832,TERM667,2025-02-16,318.01,AUD,Credit Card,Retail,Adelaide
TXN1000700,CUST4794,TERM891,2025-02-14,331.91,AUD,EFTPOS,Grocery,Adelaide
TXN1000701,CUST3652,TERM777,2025-02-22,178.35,AUD,EFTPOS,Electronics,Perth
TXN1000702,CUST7269,TERM906,2025-02-21,297.16,AUD,Debit Card,Dining,Brisbane
TXN1000703,CUST7681,TERM343,2025-02-11,59.54,AUD,Mobile Payment,Retail,Adelaide
TXN1000704,CUST5755,TERM757,2025-02-06,156.33,AUD,Debit Card,Fuel,Melbourne
TXN1000705,CUST2187,TERM933,2025-02-06,493.81,AUD,Credit Card,Electronics,Adelaide
TXN1000706,CUST4612,TERM296,2025-02-22,6.15,AUD,Credit Card,Grocery,Sydney
TXN1000707,CUST4307,TERM790,2025-02-11,427.01,AUD,EFTPOS,Dining,Adelaide
TXN1000708,CUST6678,TERM611,2025-02-19,114.57,AUD,Credit Card,Retail,Sydney
TXN1000709,CUST6120,TERM852,2025-02-02,82.11,AUD,Mobile Payment,Retail,Brisbane
TXN1000710,CUST4561,TERM361,2025-02-16,113.31,AUD,Credit Card,Grocery,Perth
TXN1000711,CUST4450,TERM373,2025-02-09,254.87,AUD,EFTPOS,Dining,Sydney
TXN1000712,CUST6499,TERM415,2025-02-11,474.6,AUD,Credit Card,Retail,Adelaide
TXN1000713,CUST2837,TERM527,2025-02-02,259.98,AUD,Debit Card,Fuel,Melbourne
TXN1000714,CUST5894,TERM993,2025-02-02,343.88,AUD,Credit Card,Electronics,Sydney
TXN1000715,CUST1906,TERM491,2025-02-02,119.61,AUD,Credit Card,Electronics,Adelaide
TXN1000716,CUST2056,TERM156,2025-02-19,263.84,AUD,Debit Card,Dining,Sydney
TXN1000717,CUST8263,TERM802,2025-02-21,356.79,AUD,Credit Card,Grocery,Brisbane
TXN1000718,CUST3359,TERM612,2025-02-07,145.81,AUD,Mobile Payment,Fuel,Brisbane
TXN1000719,CUST6138,TERM247,2025-02-10,388.45,AUD,EFTPOS,Fuel,Brisbane
TXN1000720,CUST7345,TERM499,2025-02-21,403.15,AUD,Debit Card,Fuel,Brisbane
TXN1000721,CUST1737,TERM186,2025-02-16,411.37,AUD,Credit Card,Electronics,Brisbane
TXN1000722,CUST6225,TERM627,2025-02-21,297.02,AUD,Debit Card,Dining,Melbourne
TXN1000723,CUST5354,TERM584,2025-02-03,87.67,AUD,Credit Card,Dining,Sydney
TXN1000724,CUST1181,TERM267,2025-02-11,165.68,AUD,EFTPOS,Dining,Sydney
TXN1000725,CUST8781,TERM215,2025-02-14,132.57,AUD,Debit Card,Electronics,Sydney
TXN1000726,CUST9064,TERM860,2025-02-13,486.76,AUD,EFTPOS,Retail,Adelaide
TXN1000727,CUST5448,TERM297,2025-02-09,435.23,AUD,EFTPOS,Grocery,Sydney
TXN1000728,CUST4189,TERM220,2025-02-18,361.39,AUD,EFTPOS,Grocery,Melbourne
TXN1000729,CUST9672,TERM835,2025-02-06,190.93,AUD,Credit Card,Retail,Perth
TXN1000730,CUST5998,TERM321,2025-02-05,202.83,AUD,Mobile Payment,Grocery,Perth
TXN1000731,CUST6505,TERM431,2025-02-13,409.57,AUD,Credit Card,Retail,Sydney
TXN1000732,CUST1690,TERM663,2025-02-10,106.19,AUD,EFTPOS,Grocery,Sydney
TXN1000733,CUST3728,TERM551,2025-02-12,66.38,AUD,EFTPOS,Grocery,Sydney
TXN1000734,CUST2682,TERM314,2025-02-22,89.77,AUD,Mobile Payment,Dining,Sydney
TXN1000735,CUST3483,TERM810,2025-02-20,385.64,AUD,Mobile Payment,Electronics,Adelaide
TXN1000736,CUST1062,TERM707,2025-02-07,402.62,AUD,Mobile Payment,Dining,Perth
TXN1000737,CUST6381,TERM413,2025-02-09,197.62,AUD,Credit Card,Retail,Brisbane
TXN1000738,CUST7280,TERM245,2025-02-08,229.36,AUD,Mobile Payment,Fuel,Brisbane
TXN1000739,CUST2840,TERM507,2025-02-08,268.14,AUD,Mobile Payment,Fuel,Perth
TXN1000740,CUST1938,TERM227,2025-02-16,301.76,AUD,Credit Card,Retail,Melbourne
TXN1000741,CUST4310,TERM699,2025-02-14,348.94,AUD,Debit Card,Fuel,Brisbane
TXN1000742,CUST7197,TERM787,2025-02-13,193.86,AUD,Credit Card,Electronics,Sydney
TXN1000743,CUST8838,TERM258,2025-02-04,306.37,AUD,Debit Card,Dining,Perth
TXN1000744,CUST1098,TERM878,2025-02-20,304.51,AUD,Mobile Payment,Electronics,Sydney
TXN1000745,CUST3311,TERM118,2025-02-18,284.81,AUD,Debit Card,Retail,Brisbane
TXN1000746,CUST7914,TERM397,2025-02-03,207.89,AUD,Debit Card,Dining,Adelaide
TXN1000747,CUST7187,TERM265,2025-02-09,109.1,AUD,Mobile Payment,Retail,Sydney
TXN1000748,CUST1175,TERM967,2025-02-12,328.42,AUD,EFTPOS,Grocery,Sydney
TXN1000749,CUST8065,TERM978,2025-02-09,422.08,AUD,Mobile Payment,Retail,Adelaide
TXN1000750,CUST2221,TERM788,2025-02-17,226.86,AUD,Credit Card,Electronics,Sydney
TXN1000751,CUST1968,TERM577,2025-02-07,250.5,AUD,Mobile Payment,Fuel,Perth
TXN1000752,CUST6267,TERM730,2025-02-11,65.94,AUD,Mobile Payment,Electronics,Brisbane
TXN1000753,CUST2552,TERM300,2025-02-08,251.01,AUD,Credit Card,Grocery,Melbourne
TXN1000754,CUST6175,TERM460,2025-02-16,450.71,AUD,EFTPOS,Retail,Sydney
TXN1000755,CUST9481,TERM172,2025-02-13,410.8,AUD,Mobile Payment,Electronics,Sydney
TXN1000756,CUST2507,TERM760,2025-02-18,497.22,AUD,EFTPOS,Fuel,Adelaide
TXN1000757,CUST9593,TERM126,2025-02-07,422.37,AUD,Credit Card,Retail,Brisbane
TXN1000758,CUST2427,TERM680,2025-02-09,407.65,AUD,Credit Card,Dining,Melbourne
TXN1000759,CUST3511,TERM739,2025-02-16,259.51,AUD,EFTPOS,Dining,Melbourne
TXN1000760,CUST8845,TERM158,2025-02-07,255.98,AUD,EFTPOS,Grocery,Sydney
TXN1000761,CUST2753,TERM842,2025-02-05,180.81,AUD,Credit Card,Fuel,Melbourne
TXN1000762,CUST4690,TERM735,2025-02-09,447.36,AUD,Debit Card,Dining,Brisbane
TXN1000763,CUST7353,TERM399,2025-02-11,105.91,AUD,Debit Card,Electronics,Perth
TXN1000764,CUST9527,TERM636,2025-02-18,416.53,AUD,Mobile Payment,Fuel,Brisbane
TXN1000765,CUST1062,TERM857,2025-02-20,445.21,AUD,Credit Card,Dining,Adelaide
TXN1000766,CUST9056,TERM626,2025-02-22,342.93,AUD,Debit Card,Retail,Melbourne
TXN1000767,CUST2183,TERM170,2025-02-13,343.46,AUD,Debit Card,Dining,Perth
TXN1000768,CUST9505,TERM355,2025-02-18,172.31,AUD,EFTPOS,Retail,Sydney
TXN1000769,CUST5651,TERM939,2025-02-18,313.52,AUD,EFTPOS,Fuel,Melbourne
TXN1000770,CUST9057,TERM144,2025-02-20,246.72,AUD,Debit Card,Fuel,Adelaide
TXN1000771,CUST7305,TERM426,2025-02-15,80.47,AUD,Debit Card,Dining,Adelaide
TXN1000772,CUST2334,TERM201,2025-02-11,44.13,AUD,Credit Card,Dining,Melbourne
TXN1000773,CUST4133,TERM819,2025-02-22,276.75,AUD,Debit Card,Retail,Perth
TXN1000774,CUST1613,TERM245,2025-02-04,87.94,AUD,EFTPOS,Fuel,Perth
TXN1000775,CUST5189,TERM131,2025-02-18,103.71,AUD,Mobile Payment,Fuel,Perth
TXN1000776,CUST2659,TERM186,2025-02-10,482.75,AUD,Debit Card,Retail,Perth
TXN1000777,CUST3607,TERM128,2025-02-07,271.87,AUD,Debit Card,Electronics,Sydney
TXN1000778,CUST9229,TERM830,2025-02-18,209.83,AUD,Mobile Payment,Retail,Melbourne
TXN1000779,CUST7955,TERM619,2025-02-14,103.48,AUD,EFTPOS,Fuel,Adelaide
TXN1000780,CUST3076,TERM619,2025-02-13,133.41,AUD,Mobile Payment,Retail,Brisbane
TXN1000781,CUST9068,TERM100,2025-02-12,369.31,AUD,Debit Card,Electronics,Brisbane
TXN1000782,CUST8544,TERM379,2025-02-05,196.7,AUD,Mobile Payment,Dining,Perth
TXN1000783,CUST3320,TERM616,2025-02-03,57.05,AUD,Mobile Payment,Grocery,Adelaide
TXN1000784,CUST2804,TERM232,2025-02-18,285.2,AUD,Credit Card,Electronics,Brisbane
TXN1000785,CUST7863,TERM575,2025-02-07,11.1,AUD,Credit Card,Retail,Sydney
TXN1000786,CUST3709,TERM476,2025-02-05,309.45,AUD,EFTPOS,Retail,Brisbane
TXN1000787,CUST7034,TERM597,2025-02-22,55.25,AUD,EFTPOS,Electronics,Perth
TXN1000788,CUST3393,TERM101,2025-02-15,448.9,AUD,Mobile Payment,Fuel,Adelaide
TXN1000789,CUST8847,TERM693,2025-02-18,367.0,AUD,Credit Card,Grocery,Brisbane
TXN1000790,CUST1411,TERM242,2025-02-09,40.6,AUD,Mobile Payment,Fuel,Brisbane
TXN1000791,CUST4901,TERM166,2025-02-09,58.01,AUD,Credit Card,Electronics,Melbourne
TXN1000792,CUST2521,TERM206,2025-02-16,260.06,AUD,Mobile Payment,Dining,Brisbane
TXN1000793,CUST8229,TERM865,2025-02-19,226.0,AUD,EFTPOS,Grocery,Adelaide
TXN1000794,CUST8308,TERM958,2025-02-07,30.96,AUD,Credit Card,Fuel,Perth
TXN1000795,CUST8859,TERM599,2025-02-14,94.16,AUD,Mobile Payment,Dining,Perth
TXN1000796,CUST1002,TERM678,2025-02-14,440.06,AUD,Mobile Payment,Fuel,Brisbane
TXN1000797,CUST7756,TERM212,2025-02-05,30.49,AUD,Credit Card,Retail,Brisbane
TXN1000798,CUST5897,TERM251,2025-02-18,453.74,AUD,EFTPOS,Retail,Adelaide
TXN1000799,CUST6729,TERM761,2025-02-05,179.37,AUD,EFTPOS,Dining,Perth
TXN1000800,CUST3708,TERM546,2025-02-04,234.95,AUD,Mobile Payment,Retail,Adelaide
TXN1000801,CUST8127,TERM402,2025-02-22,128.68,AUD,Mobile Payment,Electronics,Melbourne
TXN1000802,CUST5005,TERM200,2025-02-11,97.97,AUD,Credit Card,Fuel,Perth
TXN1000803,CUST2475,TERM685,2025-02-13,489.29,AUD,Mobile Payment,Dining,Sydney
TXN1000804,CUST3599,TERM125,2025-02-07,149.21,AUD,EFTPOS,Retail,Adelaide
TXN1000805,CUST5962,TERM629,2025-02-03,28.94,AUD,EFTPOS,Dining,Melbourne
TXN1000806,CUST4977,TERM828,2025-02-08,101.94,AUD,EFTPOS,Dining,Sydney
TXN1000807,CUST1718,TERM739,2025-02-08,324.99,AUD,EFTPOS,Dining,Sydney
TXN1000808,CUST2753,TERM847,2025-02-21,240.08,AUD,Debit Card,Dining,Sydney
TXN1000809,CUST4080,TERM839,2025-02-15,225.15,AUD,EFTPOS,Grocery,Melbourne
TXN1000810,CUST6594,TERM671,2025-02-06,31.31,AUD,Mobile Payment,Retail,Perth
TXN1000811,CUST8412,TERM137,2025-02-05,134.07,AUD,Debit Card,Retail,Perth
TXN1000812,CUST2853,TERM200,2025-02-07,81.48,AUD,EFTPOS,Dining,Brisbane
TXN1000813,CUST3034,TERM339,2025-02-08,326.95,AUD,Mobile Payment,Dining,Melbourne
TXN1000814,CUST6040,TERM942,2025-02-16,456.63,AUD,Credit Card,Fuel,Perth
TXN1000815,CUST1170,TERM763,2025-02-10,275.49,AUD,Credit Card,Dining,Perth
TXN1000816,CUST3348,TERM914,2025-02-03,140.78,AUD,EFTPOS,Grocery,Sydney
TXN1000817,CUST3422,TERM390,2025-02-04,343.92,AUD,EFTPOS,Electronics,Adelaide
TXN1000818,CUST2416,TERM379,2025-02-12,46.07,AUD,Mobile Payment,Retail,Brisbane
TXN1000819,CUST1857,TERM465,2025-02-09,430.55,AUD,Debit Card,Electronics,Adelaide
TXN1000820,CUST1504,TERM580,2025-02-06,74.97,AUD,Debit Card,Retail,Melbourne
TXN1000821,CUST7539,TERM203,2025-02-08,334.31,AUD,Credit Card,Electronics,Melbourne
TXN1000822,CUST9734,TERM857,2025-02-11,461.18,AUD,Mobile Payment,Grocery,Sydney
TXN1000823,CUST2604,TERM789,2025-02-07,459.05,AUD,Debit Card,Fuel,Melbourne
TXN1000824,CUST1925,TERM262,2025-02-05,183.19,AUD,Mobile Payment,Dining,Melbourne
TXN1000825,CUST2944,TERM335,2025-02-13,23.6,AUD,Debit Card,Fuel,Sydney
TXN1000826,CUST6576,TERM144,2025-02-15,152.26,AUD,Mobile Payment,Grocery,Sydney
TXN1000827,CUST5678,TERM632,2025-02-15,388.58,AUD,Debit Card,Electronics,Adelaide
TXN1000828,CUST4810,TERM159,2025-02-14,128.71,AUD,EFTPOS,Electronics,Sydney
TXN1000829,CUST6687,TERM844,2025-02-05,439.3,AUD,Mobile Payment,Retail,Perth
TXN1000830,CUST3749,TERM361,2025-02-10,214.86,AUD,Credit Card,Dining,Melbourne
TXN1000831,CUST9994,TERM664,2025-02-12,314.98,AUD,Credit Card,Fuel,Brisbane
TXN1000832,CUST2345,TERM486,2025-02-05,481.84,AUD,Credit Card,Grocery,Perth
TXN1000833,CUST7683,TERM787,2025-02-04,285.24,AUD,Debit Card,Fuel,Sydney
TXN1000834,CUST6076,TERM775,2025-02-17,31.81,AUD,Mobile Payment,Grocery,Sydney
TXN1000835,CUST3438,TERM286,2025-02-10,221.74,AUD,Debit Card,Dining,Brisbane
TXN1000836,CUST8030,TERM950,2025-02-16,85.65,AUD,EFTPOS,Dining,Melbourne
TXN1000837,CUST6408,TERM162,2025-02-17,174.97,AUD,Mobile Payment,Retail,Melbourne
TXN1000838,CUST7875,TERM450,2025-02-02,247.43,AUD,EFTPOS,Grocery,Perth
TXN1000839,CUST6811,TERM539,2025-02-06,183.48,AUD,Debit Card,Retail,Adelaide
TXN1000840,CUST8136,TERM376,2025-02-14,352.86,AUD,EFTPOS,Electronics,Brisbane
TXN1000841,CUST3825,TERM175,2025-02-06,315.51,AUD,Debit Card,Grocery,Adelaide
TXN1000842,CUST8028,TERM290,2025-02-06,24.75,AUD,EFTPOS,Fuel,Adelaide
TXN1000843,CUST5737,TERM373,2025-02-07,68.76,AUD,EFTPOS,Retail,Perth
TXN1000844,CUST8627,TERM892,2025-02-12,143.57,AUD,Credit Card,Retail,Brisbane
TXN1000845,CUST1715,TERM504,2025-02-20,304.62,AUD,Debit Card,Dining,Perth
TXN1000846,CUST3494,TERM520,2025-02-08,85.37,AUD,Debit Card,Grocery,Perth
TXN1000847,CUST7390,TERM454,2025-02-15,58.65,AUD,Debit Card,Dining,Brisbane
TXN1000848,CUST8885,TERM549,2025-02-15,312.9,AUD,Credit Card,Retail,Brisbane
TXN1000849,CUST8440,TERM203,2025-02-18,40.79,AUD,Mobile Payment,Dining,Melbourne
TXN1000850,CUST7170,TERM800,2025-02-18,289.39,AUD,Mobile Payment,Dining,Melbourne
TXN1000851,CUST3932,TERM662,2025-02-14,7.98,AUD,Credit Card,Fuel,Perth
TXN1000852,CUST4578,TERM148,2025-02-22,84.3,AUD,Debit Card,Fuel,Melbourne
TXN1000853,CUST5554,TERM843,2025-02-02,105.63,AUD,EFTPOS,Fuel,Perth
TXN1000854,CUST4823,TERM336,2025-02-08,405.94,AUD,Mobile Payment,Electronics,Sydney
TXN1000855,CUST7383,TERM696,2025-02-06,220.45,AUD,Credit Card,Grocery,Perth
TXN1000856,CUST1735,TERM919,2025-02-13,278.45,AUD,Mobile Payment,Grocery,Perth
TXN1000857,CUST7015,TERM573,2025-02-06,260.85,AUD,Debit Card,Retail,Perth
TXN1000858,CUST7084,TERM185,2025-02-10,71.97,AUD,Credit Card,Electronics,Perth
TXN1000859,CUST4395,TERM153,2025-02-13,36.1,AUD,EFTPOS,Dining,Adelaide
TXN1000860,CUST7275,TERM951,2025-02-22,321.51,AUD,Credit Card,Fuel,Adelaide
TXN1000861,CUST4614,TERM997,2025-02-19,188.34,AUD,EFTPOS,Electronics,Melbourne
TXN1000862,CUST8865,TERM468,2025-02-20,463.22,AUD,EFTPOS,Grocery,Sydney
TXN1000863,CUST3621,TERM782,2025-02-07,347.78,AUD,Credit Card,Electronics,Sydney
TXN1000864,CUST6870,TERM961,2025-02-04,35.42,AUD,Credit Card,Electronics,Melbourne
TXN1000865,CUST5932,TERM758,2025-02-03,446.04,AUD,Mobile Payment,Fuel,Adelaide
TXN1000866,CUST6163,TERM344,2025-02-13,177.24,AUD,Debit Card,Dining,Perth
TXN1000867,CUST4855,TERM335,2025-02-04,421.84,AUD,EFTPOS,Electronics,Sydney
TXN1000868,CUST4973,TERM941,2025-02-16,248.03,AUD,EFTPOS,Electronics,Adelaide
TXN1000869,CUST4224,TERM329,2025-02-15,373.54,AUD,Mobile Payment,Grocery,Brisbane
TXN1000870,CUST1321,TERM271,2025-02-02,97.24,AUD,EFTPOS,Retail,Brisbane
TXN1000871,CUST7666,TERM260,2025-02-05,345.01,AUD,Debit Card,Retail,Melbourne
TXN1000872,CUST8893,TERM146,2025-02-08,20.97,AUD,EFTPOS,Dining,Perth
TXN1000873,CUST2593,TERM464,2025-02-13,11.59,AUD,Debit Card,Dining,Melbourne
TXN1000874,CUST4176,TERM144,2025-02-17,139.58,AUD,Credit Card,Fuel,Brisbane
TXN1000875,CUST6845,TERM138,2025-02-09,246.75,AUD,Mobile Payment,Grocery,Brisbane
TXN1000876,CUST3918,TERM351,2025-02-17,21.35,AUD,Mobile Payment,Retail,Melbourne
TXN1000877,CUST4353,TERM930,2025-02-15,34.94,AUD,EFTPOS,Electronics,Perth
TXN1000878,CUST8589,TERM497,2025-02-16,439.46,AUD,EFTPOS,Retail,Adelaide
TXN1000879,CUST9067,TERM311,2025-02-22,163.47,AUD,Credit Card,Electronics,Melbourne
TXN1000880,CUST8246,TERM523,2025-02-12,468.31,AUD,Credit Card,Grocery,Melbourne
TXN1000881,CUST6841,TERM439,2025-02-03,324.61,AUD,Debit Card,Fuel,Brisbane
TXN1000882,CUST4095,TERM848,2025-02-06,106.39,AUD,EFTPOS,Fuel,Perth
TXN1000883,CUST2736,TERM783,2025-02-02,474.7,AUD,Credit Card,Dining,Brisbane
TXN1000884,CUST9261,TERM316,2025-02-22,288.13,AUD,Mobile Payment,Dining,Brisbane
TXN1000885,CUST3288,TERM562,2025-02-17,232.34,AUD,EFTPOS,Retail,Melbourne
TXN1000886,CUST6893,TERM473,2025-02-10,183.93,AUD,Mobile Payment,Retail,Adelaide
TXN1000887,CUST2765,TERM894,2025-02-18,493.92,AUD,EFTPOS,Electronics,Adelaide
TXN1000888,CUST7055,TERM508,2025-02-17,492.22,AUD,Mobile Payment,Grocery,Sydney
TXN1000889,CUST2880,TERM441,2025-02-17,156.82,AUD,EFTPOS,Grocery,Brisbane
TXN1000890,CUST6108,TERM811,2025-02-04,16.28,AUD,Mobile Payment,Dining,Perth
TXN1000891,CUST3528,TERM561,2025-02-14,63.0,AUD,Credit Card,Retail,Melbourne
TXN1000892,CUST1460,TERM468,2025-02-18,87.67,AUD,Debit Card,Fuel,Melbourne
TXN1000893,CUST1132,TERM215,2025-02-06,323.27,AUD,Credit Card,Electronics,Sydney
TXN1000894,CUST5128,TERM709,2025-02-05,157.81,AUD,Credit Card,Retail,Melbourne
TXN1000895,CUST5880,TERM723,2025-02-09,201.8,AUD,EFTPOS,Electronics,Sydney
TXN1000896,CUST1178,TERM411,2025-02-04,334.89,AUD,Mobile Payment,Electronics,Perth
TXN1000897,CUST2992,TERM128,2025-02-07,206.82,AUD,Credit Card,Dining,Perth
TXN1000898,CUST7968,TERM661,2025-02-19,32.9,AUD,Credit Card,Electronics,Brisbane
TXN1000899,CUST2936,TERM695,2025-02-03,271.62,AUD,EFTPOS,Dining,Sydney
TXN1000900,CUST2303,TERM495,2025-02-14,55.42,AUD,Mobile Payment,Retail,Sydney
TXN1000901,CUST1516,TERM831,2025-02-19,227.32,AUD,Mobile Payment,Dining,Melbourne
TXN1000902,CUST9642,TERM362,2025-02-17,244.42,AUD,Mobile Payment,Fuel,Perth
TXN1000903,CUST1943,TERM599,2025-02-18,258.88,AUD,Credit Card,Dining,Sydney
TXN1000904,CUST4351,TERM964,2025-02-14,6.23,AUD,Debit Card,Electronics,Sydney
TXN1000905,CUST9307,TERM630,2025-02-07,362.96,AUD,Debit Card,Electronics,Sydney
TXN1000906,CUST2397,TERM827,2025-02-13,53.44,AUD,Credit Card,Grocery,Melbourne
TXN1000907,CUST4849,TERM152,2025-02-20,208.69,AUD,Debit Card,Grocery,Melbourne
TXN1000908,CUST6430,TERM366,2025-02-19,202.02,AUD,Credit Card,Grocery,Melbourne
TXN1000909,CUST1593,TERM621,2025-02-10,174.07,AUD,Credit Card,Dining,Sydney
TXN1000910,CUST5703,TERM580,2025-02-06,19.84,AUD,Debit Card,Dining,Adelaide
TXN1000911,CUST3560,TERM399,2025-02-18,372.7,AUD,EFTPOS,Electronics,Sydney
TXN1000912,CUST2807,TERM800,2025-02-21,181.88,AUD,Debit Card,Fuel,Perth
TXN1000913,CUST6959,TERM352,2025-02-08,110.05,AUD,Mobile Payment,Retail,Melbourne
TXN1000914,CUST1294,TERM657,2025-02-21,205.66,AUD,Credit Card,Retail,Perth
TXN1000915,CUST5877,TERM438,2025-02-16,33.83,AUD,Debit Card,Retail,Sydney
TXN1000916,CUST5114,TERM790,2025-02-05,39.62,AUD,Debit Card,Grocery,Sydney
TXN1000917,CUST6842,TERM744,2025-02-12,160.49,AUD,EFTPOS,Fuel,Adelaide
TXN1000918,CUST2854,TERM906,2025-02-16,226.36,AUD,Mobile Payment,Retail,Brisbane
TXN1000919,CUST2286,TERM631,2025-02-02,472.26,AUD,Debit Card,Dining,Adelaide
TXN1000920,CUST9491,TERM227,2025-02-22,441.22,AUD,Credit Card,Electronics,Perth
TXN1000921,CUST6835,TERM543,2025-02-11,106.6,AUD,Mobile Payment,Fuel,Melbourne
TXN1000922,CUST7021,TERM508,2025-02-13,36.26,AUD,EFTPOS,Electronics,Melbourne
TXN1000923,CUST3883,TERM536,2025-02-07,103.44,AUD,Debit Card,Electronics,Brisbane
TXN1000924,CUST9106,TERM699,2025-02-13,377.81,AUD,Mobile Payment,Dining,Melbourne
TXN1000925,CUST7205,TERM238,2025-02-04,220.95,AUD,EFTPOS,Retail,Adelaide
TXN1000926,CUST9790,TERM449,2025-02-12,449.91,AUD,Mobile Payment,Dining,Perth
TXN1000927,CUST1722,TERM823,2025-02-22,474.74,AUD,Debit Card,Dining,Perth
TXN1000928,CUST8699,TERM140,2025-02-10,41.28,AUD,Credit Card,Electronics,Brisbane
TXN1000929,CUST4364,TERM898,2025-02-22,339.69,AUD,Debit Card,Fuel,Adelaide
TXN1000930,CUST2397,TERM518,2025-02-13,480.06,AUD,Debit Card,Dining,Brisbane
TXN1000931,CUST7456,TERM378,2025-02-11,232.44,AUD,EFTPOS,Grocery,Sydney
TXN1000932,CUST7519,TERM929,2025-02-10,59.55,AUD,Mobile Payment,Dining,Melbourne
TXN1000933,CUST4985,TERM368,2025-02-22,148.09,AUD,Mobile Payment,Retail,Perth
TXN1000934,CUST9239,TERM510,2025-02-12,376.16,AUD,Credit Card,Grocery,Adelaide
TXN1000935,CUST9212,TERM685,2025-02-04,394.8,AUD,Credit Card,Fuel,Perth
TXN1000936,CUST5486,TERM723,2025-02-14,200.18,AUD,Credit Card,Electronics,Brisbane
TXN1000937,CUST4722,TERM242,2025-02-03,30.73,AUD,EFTPOS,Retail,Perth
TXN1000938,CUST2389,TERM948,2025-02-08,341.15,AUD,Mobile Payment,Grocery,Melbourne
TXN1000939,CUST5135,TERM779,2025-02-13,407.59,AUD,Credit Card,Grocery,Sydney
TXN1000940,CUST5034,TERM998,2025-02-05,400.77,AUD,Credit Card,Dining,Adelaide
TXN1000941,CUST9958,TERM986,2025-02-17,334.11,AUD,Mobile Payment,Retail,Sydney
TXN1000942,CUST7320,TERM754,2025-02-07,238.19,AUD,Credit Card,Grocery,Adelaide
TXN1000943,CUST8748,TERM516,2025-02-06,402.23,AUD,EFTPOS,Fuel,Melbourne
TXN1000944,CUST7169,TERM507,2025-02-09,229.77,AUD,Debit Card,Grocery,Adelaide
TXN1000945,CUST7753,TERM861,2025-02-02,456.28,AUD,Mobile Payment,Dining,Melbourne
TXN1000946,CUST9234,TERM396,2025-02-16,87.52,AUD,Credit Card,Dining,Brisbane
TXN1000947,CUST1063,TERM402,2025-02-03,247.56,AUD,Debit Card,Electronics,Perth
TXN1000948,CUST3685,TERM726,2025-02-17,345.1,AUD,Credit Card,Dining,Adelaide
TXN1000949,CUST5515,TERM252,2025-02-17,91.99,AUD,Credit Card,Electronics,Brisbane
TXN1000950,CUST4120,TERM394,2025-02-18,308.41,AUD,Mobile Payment,Fuel,Brisbane
TXN1000951,CUST2060,TERM350,2025-02-07,438.23,AUD,Debit Card,Electronics,Adelaide
TXN1000952,CUST1028,TERM383,2025-02-12,286.21,AUD,Credit Card,Retail,Brisbane
TXN1000953,CUST2987,TERM367,2025-02-10,248.7,AUD,Mobile Payment,Fuel,Melbourne
TXN1000954,CUST2590,TERM517,2025-02-15,144.05,AUD,Credit Card,Retail,Perth
TXN1000955,CUST9366,TERM164,2025-02-21,150.34,AUD,Mobile Payment,Retail,Adelaide
TXN1000956,CUST7124,TERM892,2025-02-03,325.33,AUD,EFTPOS,Retail,Brisbane
TXN1000957,CUST9582,TERM880,2025-02-02,350.8,AUD,Mobile Payment,Fuel,Melbourne
TXN1000958,CUST2028,TERM214,2025-02-06,76.66,AUD,Credit Card,Grocery,Adelaide
TXN1000959,CUST7488,TERM238,2025-02-14,23.98,AUD,EFTPOS,Retail,Melbourne
TXN1000960,CUST4529,TERM807,2025-02-20,487.95,AUD,Debit Card,Retail,Melbourne
TXN1000961,CUST4798,TERM858,2025-02-11,11.76,AUD,Mobile Payment,Electronics,Brisbane
TXN1000962,CUST7713,TERM632,2025-02-13,287.29,AUD,EFTPOS,Fuel,Sydney
TXN1000963,CUST8943,TERM531,2025-02-13,365.93,AUD,Credit Card,Electronics,Melbourne
TXN1000964,CUST6155,TERM931,2025-02-05,298.31,AUD,Mobile Payment,Fuel,Perth
TXN1000965,CUST9485,TERM304,2025-02-02,393.86,AUD,Debit Card,Fuel,Brisbane
TXN1000966,CUST2015,TERM429,2025-02-02,465.71,AUD,EFTPOS,Dining,Adelaide
TXN1000967,CUST6923,TERM431,2025-02-08,400.74,AUD,Mobile Payment,Grocery,Melbourne
TXN1000968,CUST3150,TERM730,2025-02-18,416.19,AUD,EFTPOS,Fuel,Brisbane
TXN1000969,CUST4057,TERM722,2025-02-07,356.26,AUD,EFTPOS,Grocery,Melbourne
TXN1000970,CUST4205,TERM912,2025-02-11,473.71,AUD,Credit Card,Fuel,Perth
TXN1000971,CUST8606,TERM812,2025-02-16,290.99,AUD,Credit Card,Grocery,Sydney
TXN1000972,CUST3353,TERM439,2025-02-06,239.43,AUD,EFTPOS,Electronics,Brisbane
TXN1000973,CUST7100,TERM773,2025-02-05,478.45,AUD,EFTPOS,Retail,Melbourne
TXN1000974,CUST4556,TERM165,2025-02-09,294.12,AUD,Debit Card,Electronics,Melbourne
TXN1000975,CUST9568,TERM414,2025-02-07,344.96,AUD,Mobile Payment,Retail,Perth
TXN1000976,CUST7184,TERM243,2025-02-14,267.64,AUD,Mobile Payment,Electronics,Adelaide
TXN1000977,CUST6010,TERM600,2025-02-02,456.94,AUD,Mobile Payment,Electronics,Melbourne
TXN1000978,CUST2648,TERM470,2025-02-15,494.8,AUD,Debit Card,Retail,Sydney
TXN1000979,CUST6217,TERM885,2025-02-22,216.16,AUD,Credit Card,Fuel,Adelaide
TXN1000980,CUST9129,TERM564,2025-02-13,204.11,AUD,EFTPOS,Electronics,Perth
TXN1000981,CUST3532,TERM321,2025-02-07,171.31,AUD,EFTPOS,Retail,Perth
TXN1000982,CUST5609,TERM871,2025-02-11,39.34,AUD,Mobile Payment,Dining,Brisbane
TXN1000983,CUST4130,TERM807,2025-02-11,6.44,AUD,Credit Card,Retail,Melbourne
TXN1000984,CUST5409,TERM422,2025-02-10,471.72,AUD,Debit Card,Grocery,Sydney
TXN1000985,CUST3209,TERM441,2025-02-10,27.09,AUD,Debit Card,Grocery,Sydney
TXN1000986,CUST2302,TERM308,2025-02-13,233.61,AUD,Mobile Payment,Electronics,Perth
TXN1000987,CUST3327,TERM905,2025-02-13,22.0,AUD,Mobile Payment,Dining,Perth
TXN1000988,CUST8946,TERM950,2025-02-17,457.4,AUD,Debit Card,Dining,Melbourne
TXN1000989,CUST3024,TERM790,2025-02-17,113.51,AUD,Debit Card,Electronics,Brisbane
TXN1000990,CUST8858,TERM808,2025-02-16,446.23,AUD,Mobile Payment,Electronics,Perth
TXN1000991,CUST2204,TERM622,2025-02-03,392.3,AUD,EFTPOS,Grocery,Perth
TXN1000992,CUST1562,TERM541,2025-02-04,305.97,AUD,Mobile Payment,Fuel,Brisbane
TXN1000993,CUST4915,TERM889,2025-02-16,38.41,AUD,EFTPOS,Fuel,Adelaide
TXN1000994,CUST5484,TERM636,2025-02-06,164.44,AUD,Credit Card,Retail,Melbourne
TXN1000995,CUST4770,TERM785,2025-02-13,215.84,AUD,EFTPOS,Dining,Brisbane
TXN1000996,CUST7334,TERM962,2025-02-11,384.06,AUD,EFTPOS,Fuel,Brisbane
TXN1000997,CUST8581,TERM124,2025-02-10,466.54,AUD,Debit Card,Retail,Brisbane
TXN1000998,CUST2971,TERM238,2025-02-03,439.33,AUD,Debit Card,Grocery,Sydney
TXN1000999,CUST4777,TERM818,2025-02-09,148.34,AUD,Mobile Payment,Grocery,Sydney
